,station,date,time,PM25,PM10,O3,CO,NO2,SO2
0,02t,2018-11-14,00:00:00,,,,,,
1,02t,2018-11-14,01:00:00,,,,,,
2,02t,2018-11-14,02:00:00,,,,,,
3,02t,2018-11-14,03:00:00,,,,,,
4,02t,2018-11-14,04:00:00,,,,,,
5,02t,2018-11-14,05:00:00,,,,,,
6,02t,2018-11-14,06:00:00,,,,,,
7,02t,2018-11-14,07:00:00,,,,,,
8,02t,2018-11-14,08:00:00,,,,,,
9,02t,2018-11-14,09:00:00,,,,,,
10,02t,2018-11-14,10:00:00,,,,,,
11,02t,2018-11-14,11:00:00,,,,,,
12,02t,2018-11-14,12:00:00,,,,,,
13,02t,2018-11-14,13:00:00,,,,,,
14,02t,2018-11-14,14:00:00,,,,,,
15,02t,2018-11-14,15:00:00,,,,,,
16,02t,2018-11-14,16:00:00,,,,,,
17,02t,2018-11-14,17:00:00,,,,,,
18,02t,2018-11-14,18:00:00,,,,,,
19,02t,2018-11-14,19:00:00,,,,,,
20,02t,2018-11-14,20:00:00,,,,,,
21,02t,2018-11-14,21:00:00,,,,,,
22,02t,2018-11-14,22:00:00,,,,,,
23,02t,2018-11-14,23:00:00,,,,,,
24,03t,2018-11-14,00:00:00,71.0,164.0,3.0,1.94,53.0,
25,03t,2018-11-14,01:00:00,89.0,155.0,1.0,1.5,43.0,
26,03t,2018-11-14,02:00:00,91.0,131.0,1.0,1.37,40.0,
27,03t,2018-11-14,03:00:00,83.0,133.0,1.0,1.32,32.0,
28,03t,2018-11-14,04:00:00,72.0,143.0,,,,
29,03t,2018-11-14,05:00:00,65.0,118.0,1.0,1.39,41.0,
30,03t,2018-11-14,06:00:00,68.0,134.0,1.0,1.81,39.0,
31,03t,2018-11-14,07:00:00,82.0,190.0,1.0,1.69,36.0,
32,03t,2018-11-14,08:00:00,80.0,162.0,5.0,1.3,45.0,
33,03t,2018-11-14,09:00:00,62.0,109.0,17.0,0.91,32.0,
34,03t,2018-11-14,10:00:00,46.0,71.0,28.0,0.81,21.0,
35,03t,2018-11-14,11:00:00,32.0,63.0,36.0,0.84,25.0,
36,03t,2018-11-14,12:00:00,30.0,63.0,8.0,1.23,73.0,
37,03t,2018-11-14,13:00:00,37.0,136.0,6.0,1.16,70.0,
38,03t,2018-11-14,14:00:00,48.0,143.0,9.0,1.13,67.0,
39,03t,2018-11-14,15:00:00,46.0,96.0,6.0,1.29,77.0,
40,03t,2018-11-14,16:00:00,44.0,94.0,7.0,1.31,74.0,
41,03t,2018-11-14,17:00:00,52.0,107.0,4.0,1.37,75.0,
42,03t,2018-11-14,18:00:00,53.0,122.0,1.0,1.52,67.0,
43,03t,2018-11-14,19:00:00,59.0,113.0,1.0,1.68,62.0,
44,03t,2018-11-14,20:00:00,69.0,134.0,2.0,1.64,57.0,
45,03t,2018-11-14,21:00:00,71.0,145.0,1.0,1.58,52.0,
46,03t,2018-11-14,22:00:00,71.0,131.0,1.0,1.45,51.0,
47,03t,2018-11-14,23:00:00,62.0,97.0,4.0,1.06,55.0,
48,05t,2018-11-14,00:00:00,57.0,101.0,3.0,1.45,42.0,2.0
49,05t,2018-11-14,01:00:00,44.0,87.0,4.0,1.29,42.0,2.0
50,05t,2018-11-14,02:00:00,50.0,77.0,3.0,1.24,46.0,2.0
51,05t,2018-11-14,03:00:00,42.0,80.0,3.0,1.06,42.0,2.0
52,05t,2018-11-14,04:00:00,44.0,77.0,4.0,0.99,41.0,2.0
53,05t,2018-11-14,05:00:00,48.0,94.0,3.0,1.01,44.0,2.0
54,05t,2018-11-14,06:00:00,44.0,92.0,4.0,1.36,50.0,3.0
55,05t,2018-11-14,07:00:00,48.0,96.0,6.0,1.29,50.0,2.0
56,05t,2018-11-14,08:00:00,52.0,95.0,14.0,0.88,39.0,1.0
57,05t,2018-11-14,09:00:00,39.0,72.0,28.0,0.59,30.0,1.0
58,05t,2018-11-14,10:00:00,34.0,64.0,,,,
59,05t,2018-11-14,11:00:00,28.0,49.0,42.0,0.43,19.0,4.0
60,05t,2018-11-14,12:00:00,26.0,52.0,51.0,0.38,12.0,3.0
61,05t,2018-11-14,13:00:00,17.0,46.0,58.0,0.37,9.0,3.0
62,05t,2018-11-14,14:00:00,24.0,49.0,58.0,0.35,7.0,2.0
63,05t,2018-11-14,15:00:00,25.0,46.0,62.0,0.58,28.0,3.0
64,05t,2018-11-14,16:00:00,52.0,86.0,57.0,0.66,40.0,3.0
65,05t,2018-11-14,17:00:00,51.0,86.0,45.0,0.76,51.0,2.0
66,05t,2018-11-14,18:00:00,55.0,88.0,21.0,1.05,66.0,3.0
67,05t,2018-11-14,19:00:00,67.0,106.0,6.0,1.12,65.0,4.0
68,05t,2018-11-14,20:00:00,55.0,102.0,4.0,1.36,63.0,3.0
69,05t,2018-11-14,21:00:00,70.0,125.0,20.0,0.78,36.0,2.0
70,05t,2018-11-14,22:00:00,46.0,75.0,23.0,0.52,26.0,2.0
71,05t,2018-11-14,23:00:00,29.0,51.0,14.0,0.64,40.0,4.0
72,08t,2018-11-14,00:00:00,67.0,91.0,1.0,1.86,28.0,1.0
73,08t,2018-11-14,01:00:00,53.0,78.0,1.0,1.61,24.0,1.0
74,08t,2018-11-14,02:00:00,54.0,82.0,1.0,1.39,23.0,1.0
75,08t,2018-11-14,03:00:00,55.0,77.0,1.0,1.42,22.0,1.0
76,08t,2018-11-14,04:00:00,56.0,82.0,2.0,0.91,26.0,1.0
77,08t,2018-11-14,05:00:00,52.0,75.0,1.0,1.09,22.0,2.0
78,08t,2018-11-14,06:00:00,65.0,86.0,1.0,1.58,28.0,4.0
79,08t,2018-11-14,07:00:00,59.0,93.0,3.0,1.78,79.0,4.0
80,08t,2018-11-14,08:00:00,71.0,109.0,9.0,1.37,42.0,3.0
81,08t,2018-11-14,09:00:00,56.0,91.0,22.0,1.07,35.0,4.0
82,08t,2018-11-14,10:00:00,56.0,91.0,36.0,0.81,25.0,4.0
83,08t,2018-11-14,11:00:00,41.0,84.0,,,,
84,08t,2018-11-14,12:00:00,36.0,77.0,49.0,0.49,17.0,
85,08t,2018-11-14,13:00:00,26.0,67.0,59.0,0.56,17.0,
86,08t,2018-11-14,14:00:00,41.0,68.0,75.0,0.58,18.0,
87,08t,2018-11-14,15:00:00,51.0,71.0,70.0,0.58,17.0,
88,08t,2018-11-14,16:00:00,41.0,69.0,66.0,0.64,20.0,
89,08t,2018-11-14,17:00:00,48.0,76.0,48.0,0.9,36.0,2.0
90,08t,2018-11-14,18:00:00,58.0,80.0,19.0,1.16,47.0,3.0
91,08t,2018-11-14,19:00:00,60.0,101.0,4.0,1.26,52.0,2.0
92,08t,2018-11-14,20:00:00,59.0,90.0,1.0,1.43,54.0,2.0
93,08t,2018-11-14,21:00:00,65.0,100.0,3.0,1.4,52.0,3.0
94,08t,2018-11-14,22:00:00,73.0,107.0,12.0,0.77,39.0,5.0
95,08t,2018-11-14,23:00:00,45.0,78.0,19.0,0.7,25.0,1.0
96,10t,2018-11-14,00:00:00,47.0,71.0,4.0,,45.0,
97,10t,2018-11-14,01:00:00,48.0,67.0,5.0,,40.0,
98,10t,2018-11-14,02:00:00,49.0,67.0,4.0,,39.0,
99,10t,2018-11-14,03:00:00,50.0,68.0,4.0,,36.0,
100,10t,2018-11-14,04:00:00,45.0,58.0,4.0,,32.0,
101,10t,2018-11-14,05:00:00,43.0,55.0,3.0,,30.0,
102,10t,2018-11-14,06:00:00,47.0,64.0,5.0,,28.0,
103,10t,2018-11-14,07:00:00,50.0,71.0,5.0,,27.0,
104,10t,2018-11-14,08:00:00,48.0,76.0,10.0,,27.0,
105,10t,2018-11-14,09:00:00,41.0,65.0,15.0,,35.0,
106,10t,2018-11-14,10:00:00,33.0,52.0,24.0,,17.0,
107,10t,2018-11-14,11:00:00,27.0,42.0,29.0,,15.0,
108,10t,2018-11-14,12:00:00,26.0,36.0,36.0,,8.0,
109,10t,2018-11-14,13:00:00,26.0,34.0,41.0,,7.0,
110,10t,2018-11-14,14:00:00,23.0,30.0,39.0,,5.0,
111,10t,2018-11-14,15:00:00,20.0,25.0,41.0,,5.0,
112,10t,2018-11-14,16:00:00,17.0,35.0,43.0,,18.0,
113,10t,2018-11-14,17:00:00,28.0,43.0,42.0,,38.0,
114,10t,2018-11-14,18:00:00,39.0,62.0,24.0,,,
115,10t,2018-11-14,19:00:00,38.0,56.0,,,40.0,
116,10t,2018-11-14,20:00:00,38.0,58.0,10.0,,44.0,
117,10t,2018-11-14,21:00:00,39.0,51.0,9.0,,35.0,
118,10t,2018-11-14,22:00:00,36.0,55.0,11.0,,37.0,
119,10t,2018-11-14,23:00:00,35.0,50.0,10.0,,36.0,
120,11t,2018-11-14,00:00:00,47.0,,8.0,,,2.0
121,11t,2018-11-14,01:00:00,43.0,,15.0,,,1.0
122,11t,2018-11-14,02:00:00,38.0,,19.0,,,1.0
123,11t,2018-11-14,03:00:00,34.0,,20.0,,,1.0
124,11t,2018-11-14,04:00:00,34.0,,15.0,,,1.0
125,11t,2018-11-14,05:00:00,36.0,,10.0,,,1.0
126,11t,2018-11-14,06:00:00,38.0,,6.0,,,2.0
127,11t,2018-11-14,07:00:00,40.0,,7.0,,,3.0
128,11t,2018-11-14,08:00:00,41.0,,22.0,,,8.0
129,11t,2018-11-14,09:00:00,36.0,,32.0,,,5.0
130,11t,2018-11-14,10:00:00,32.0,,43.0,,,3.0
131,11t,2018-11-14,11:00:00,28.0,,38.0,,,2.0
132,11t,2018-11-14,12:00:00,25.0,,35.0,,,3.0
133,11t,2018-11-14,13:00:00,22.0,,45.0,,,2.0
134,11t,2018-11-14,14:00:00,19.0,,42.0,,,3.0
135,11t,2018-11-14,15:00:00,19.0,,57.0,,,2.0
136,11t,2018-11-14,16:00:00,22.0,,39.0,,,2.0
137,11t,2018-11-14,17:00:00,29.0,,33.0,,,2.0
138,11t,2018-11-14,18:00:00,36.0,,18.0,,,2.0
139,11t,2018-11-14,19:00:00,42.0,,11.0,,,3.0
140,11t,2018-11-14,20:00:00,45.0,,11.0,,,3.0
141,11t,2018-11-14,21:00:00,45.0,,9.0,,,3.0
142,11t,2018-11-14,22:00:00,43.0,,6.0,,,4.0
143,11t,2018-11-14,23:00:00,43.0,,3.0,,,4.0
144,12t,2018-11-14,00:00:00,,,,,,
145,12t,2018-11-14,01:00:00,,,,,,
146,12t,2018-11-14,02:00:00,,,,,,
147,12t,2018-11-14,03:00:00,,,,,,
148,12t,2018-11-14,04:00:00,,,,,,
149,12t,2018-11-14,05:00:00,,,,,,
150,12t,2018-11-14,06:00:00,,,,,,
151,12t,2018-11-14,07:00:00,,,,,,
152,12t,2018-11-14,08:00:00,,,,,,
153,12t,2018-11-14,09:00:00,,,,,,
154,12t,2018-11-14,10:00:00,,,,,,
155,12t,2018-11-14,11:00:00,,,,,,
156,12t,2018-11-14,12:00:00,,,,,,
157,12t,2018-11-14,13:00:00,,,,,,
158,12t,2018-11-14,14:00:00,,,,,,
159,12t,2018-11-14,15:00:00,,,,,,
160,12t,2018-11-14,16:00:00,,,,,,
161,12t,2018-11-14,17:00:00,,,,,,
162,12t,2018-11-14,18:00:00,,,,,,
163,12t,2018-11-14,19:00:00,,,,,,
164,12t,2018-11-14,20:00:00,,,,,,
165,12t,2018-11-14,21:00:00,,,,,,
166,12t,2018-11-14,22:00:00,,,,,,
167,12t,2018-11-14,23:00:00,,,,,,
168,13t,2018-11-14,00:00:00,,54.0,1.0,1.0,,1.0
169,13t,2018-11-14,01:00:00,,53.0,1.0,0.9,,1.0
170,13t,2018-11-14,02:00:00,,45.0,1.0,0.8,,1.0
171,13t,2018-11-14,03:00:00,,56.0,1.0,0.7,,
172,13t,2018-11-14,04:00:00,,61.0,1.0,0.6,,
173,13t,2018-11-14,05:00:00,,65.0,1.0,0.6,,
174,13t,2018-11-14,06:00:00,,64.0,,,,
175,13t,2018-11-14,07:00:00,,68.0,2.0,2.1,,1.0
176,13t,2018-11-14,08:00:00,,58.0,1.0,1.6,,1.0
177,13t,2018-11-14,09:00:00,,49.0,2.0,1.1,14.0,1.0
178,13t,2018-11-14,10:00:00,,69.0,5.0,0.7,16.0,
179,13t,2018-11-14,11:00:00,,63.0,7.0,0.6,23.0,
180,13t,2018-11-14,12:00:00,,54.0,7.0,0.5,26.0,
181,13t,2018-11-14,13:00:00,,40.0,8.0,0.5,31.0,
182,13t,2018-11-14,14:00:00,,32.0,8.0,0.4,23.0,
183,13t,2018-11-14,15:00:00,,102.0,8.0,0.4,24.0,
184,13t,2018-11-14,16:00:00,,49.0,10.0,0.4,20.0,
185,13t,2018-11-14,17:00:00,,40.0,7.0,0.4,25.0,
186,13t,2018-11-14,18:00:00,,46.0,5.0,0.5,35.0,
187,13t,2018-11-14,19:00:00,,68.0,2.0,0.7,46.0,
188,13t,2018-11-14,20:00:00,,81.0,2.0,0.8,45.0,
189,13t,2018-11-14,21:00:00,,76.0,2.0,0.8,42.0,1.0
190,13t,2018-11-14,22:00:00,,55.0,2.0,0.9,40.0,1.0
191,13t,2018-11-14,23:00:00,,62.0,2.0,0.9,37.0,1.0
192,14t,2018-11-14,00:00:00,44.0,,,1.35,34.0,
193,14t,2018-11-14,01:00:00,62.0,,1.0,1.53,32.0,
194,14t,2018-11-14,02:00:00,74.0,,10.0,1.49,29.0,
195,14t,2018-11-14,03:00:00,70.0,,5.0,0.87,22.0,
196,14t,2018-11-14,04:00:00,56.0,,,0.9,22.0,
197,14t,2018-11-14,05:00:00,48.0,,1.0,0.92,27.0,
198,14t,2018-11-14,06:00:00,56.0,,,1.2,24.0,
199,14t,2018-11-14,07:00:00,69.0,,,1.15,23.0,
200,14t,2018-11-14,08:00:00,64.0,,19.0,0.7,19.0,
201,14t,2018-11-14,09:00:00,41.0,,26.0,0.52,16.0,
202,14t,2018-11-14,10:00:00,27.0,,35.0,0.42,11.0,
203,14t,2018-11-14,11:00:00,28.0,,47.0,0.48,11.0,
204,14t,2018-11-14,12:00:00,42.0,,35.0,0.51,12.0,
205,14t,2018-11-14,13:00:00,46.0,,,0.57,27.0,
206,14t,2018-11-14,14:00:00,39.0,,30.0,0.74,43.0,
207,14t,2018-11-14,15:00:00,29.0,,27.0,0.7,33.0,
208,14t,2018-11-14,16:00:00,33.0,,8.0,0.76,53.0,
209,14t,2018-11-14,17:00:00,48.0,,,0.86,46.0,
210,14t,2018-11-14,18:00:00,57.0,,,1.04,46.0,
211,14t,2018-11-14,19:00:00,62.0,,,,,
212,14t,2018-11-14,20:00:00,72.0,,,1.7,45.0,
213,14t,2018-11-14,21:00:00,67.0,,1.0,1.34,41.0,
214,14t,2018-11-14,22:00:00,63.0,,14.0,1.42,37.0,
215,14t,2018-11-14,23:00:00,62.0,,,1.2,36.0,
216,16t,2018-11-14,00:00:00,,,,,,
217,16t,2018-11-14,01:00:00,,,,,,
218,16t,2018-11-14,02:00:00,,,,,,
219,16t,2018-11-14,03:00:00,,,,,,
220,16t,2018-11-14,04:00:00,,,,,,
221,16t,2018-11-14,05:00:00,,,,,,
222,16t,2018-11-14,06:00:00,,,,,,
223,16t,2018-11-14,07:00:00,,,,,,
224,16t,2018-11-14,08:00:00,,,,,,
225,16t,2018-11-14,09:00:00,,,,,,
226,16t,2018-11-14,10:00:00,,,,,,
227,16t,2018-11-14,11:00:00,,,,,,
228,16t,2018-11-14,12:00:00,,,,,,
229,16t,2018-11-14,13:00:00,,,,,,
230,16t,2018-11-14,14:00:00,,,,,,
231,16t,2018-11-14,15:00:00,,,,,,
232,16t,2018-11-14,16:00:00,,,,,,
233,16t,2018-11-14,17:00:00,,,,,,
234,16t,2018-11-14,18:00:00,,,,,,
235,16t,2018-11-14,19:00:00,,,,,,
236,16t,2018-11-14,20:00:00,,,,,,
237,16t,2018-11-14,21:00:00,,,,,,
238,16t,2018-11-14,22:00:00,,,,,,
239,16t,2018-11-14,23:00:00,,,,,,
240,17t,2018-11-14,00:00:00,48.0,55.0,,,,
241,17t,2018-11-14,01:00:00,70.0,79.0,,,,
242,17t,2018-11-14,02:00:00,61.0,69.0,,,,
243,17t,2018-11-14,03:00:00,57.0,64.0,,,,
244,17t,2018-11-14,04:00:00,59.0,67.0,,,,
245,17t,2018-11-14,05:00:00,54.0,66.0,,,,
246,17t,2018-11-14,06:00:00,53.0,79.0,1.0,,,
247,17t,2018-11-14,07:00:00,56.0,67.0,4.0,,,
248,17t,2018-11-14,08:00:00,33.0,40.0,13.0,,,
249,17t,2018-11-14,09:00:00,54.0,57.0,23.0,,,
250,17t,2018-11-14,10:00:00,31.0,33.0,44.0,,,
251,17t,2018-11-14,11:00:00,35.0,46.0,52.0,,,
252,17t,2018-11-14,12:00:00,29.0,42.0,62.0,,,
253,17t,2018-11-14,13:00:00,27.0,43.0,85.0,,,
254,17t,2018-11-14,14:00:00,28.0,53.0,80.0,,,
255,17t,2018-11-14,15:00:00,27.0,44.0,79.0,,,
256,17t,2018-11-14,16:00:00,25.0,47.0,65.0,,,
257,17t,2018-11-14,17:00:00,33.0,53.0,36.0,,,
258,17t,2018-11-14,18:00:00,41.0,58.0,15.0,,,
259,17t,2018-11-14,19:00:00,47.0,67.0,,,,
260,17t,2018-11-14,20:00:00,52.0,58.0,,,,
261,17t,2018-11-14,21:00:00,55.0,86.0,11.0,,,
262,17t,2018-11-14,22:00:00,28.0,44.0,25.0,,,
263,17t,2018-11-14,23:00:00,17.0,27.0,24.0,,,
264,18t,2018-11-14,00:00:00,42.0,78.0,,0.8,47.0,2.0
265,18t,2018-11-14,01:00:00,50.0,80.0,,1.22,43.0,3.0
266,18t,2018-11-14,02:00:00,51.0,86.0,,0.9,42.0,3.0
267,18t,2018-11-14,03:00:00,47.0,76.0,1.0,0.99,40.0,5.0
268,18t,2018-11-14,04:00:00,52.0,82.0,,0.88,37.0,5.0
269,18t,2018-11-14,05:00:00,51.0,87.0,,0.69,41.0,4.0
270,18t,2018-11-14,06:00:00,45.0,80.0,,0.64,41.0,4.0
271,18t,2018-11-14,07:00:00,51.0,82.0,3.0,0.76,44.0,7.0
272,18t,2018-11-14,08:00:00,55.0,93.0,10.0,0.69,47.0,8.0
273,18t,2018-11-14,09:00:00,53.0,91.0,26.0,0.66,51.0,8.0
274,18t,2018-11-14,10:00:00,49.0,78.0,35.0,0.47,35.0,4.0
275,18t,2018-11-14,11:00:00,45.0,74.0,43.0,0.41,27.0,2.0
276,18t,2018-11-14,12:00:00,39.0,69.0,67.0,0.32,24.0,2.0
277,18t,2018-11-14,13:00:00,39.0,66.0,101.0,0.3,16.0,2.0
278,18t,2018-11-14,14:00:00,40.0,65.0,103.0,0.28,17.0,2.0
279,18t,2018-11-14,15:00:00,41.0,61.0,85.0,0.23,14.0,3.0
280,18t,2018-11-14,16:00:00,33.0,52.0,72.0,0.22,14.0,1.0
281,18t,2018-11-14,17:00:00,28.0,47.0,56.0,0.22,24.0,2.0
282,18t,2018-11-14,18:00:00,29.0,49.0,,,,
283,18t,2018-11-14,19:00:00,34.0,70.0,27.0,0.64,32.0,3.0
284,18t,2018-11-14,20:00:00,48.0,87.0,15.0,0.64,38.0,4.0
285,18t,2018-11-14,21:00:00,51.0,98.0,25.0,0.43,32.0,2.0
286,18t,2018-11-14,22:00:00,31.0,55.0,32.0,0.25,27.0,3.0
287,18t,2018-11-14,23:00:00,26.0,46.0,28.0,0.26,25.0,3.0
288,19t,2018-11-14,00:00:00,75.0,141.0,3.0,1.98,50.0,3.0
289,19t,2018-11-14,01:00:00,77.0,139.0,3.0,1.91,46.0,3.0
290,19t,2018-11-14,02:00:00,69.0,110.0,3.0,1.6,42.0,3.0
291,19t,2018-11-14,03:00:00,65.0,112.0,1.0,1.51,40.0,2.0
292,19t,2018-11-14,04:00:00,66.0,106.0,,1.81,36.0,5.0
293,19t,2018-11-14,05:00:00,74.0,121.0,1.0,1.87,33.0,7.0
294,19t,2018-11-14,06:00:00,76.0,133.0,2.0,2.15,33.0,7.0
295,19t,2018-11-14,07:00:00,85.0,155.0,6.0,1.45,40.0,5.0
296,19t,2018-11-14,08:00:00,69.0,125.0,14.0,1.16,37.0,1.0
297,19t,2018-11-14,09:00:00,52.0,96.0,21.0,1.05,30.0,
298,19t,2018-11-14,10:00:00,34.0,79.0,32.0,0.94,31.0,
299,19t,2018-11-14,11:00:00,31.0,64.0,40.0,0.99,23.0,2.0
300,19t,2018-11-14,12:00:00,24.0,46.0,53.0,1.04,15.0,3.0
301,19t,2018-11-14,13:00:00,30.0,54.0,49.0,1.07,11.0,4.0
302,19t,2018-11-14,14:00:00,30.0,54.0,73.0,1.07,12.0,5.0
303,19t,2018-11-14,15:00:00,32.0,62.0,118.0,1.01,13.0,3.0
304,19t,2018-11-14,16:00:00,51.0,84.0,101.0,0.81,13.0,1.0
305,19t,2018-11-14,17:00:00,43.0,73.0,88.0,,,
306,19t,2018-11-14,18:00:00,34.0,63.0,,0.67,14.0,2.0
307,19t,2018-11-14,19:00:00,39.0,62.0,53.0,0.85,19.0,3.0
308,19t,2018-11-14,20:00:00,31.0,51.0,35.0,0.97,17.0,3.0
309,19t,2018-11-14,21:00:00,24.0,50.0,19.0,0.9,18.0,4.0
310,19t,2018-11-14,22:00:00,20.0,38.0,22.0,0.92,18.0,3.0
311,19t,2018-11-14,23:00:00,12.0,31.0,20.0,0.82,15.0,3.0
312,20t,2018-11-14,00:00:00,50.0,,1.0,,32.0,2.0
313,20t,2018-11-14,01:00:00,46.0,,1.0,,25.0,1.0
314,20t,2018-11-14,02:00:00,44.0,,1.0,,24.0,1.0
315,20t,2018-11-14,03:00:00,42.0,,1.0,,24.0,1.0
316,20t,2018-11-14,04:00:00,39.0,,1.0,,20.0,1.0
317,20t,2018-11-14,05:00:00,32.0,,1.0,,17.0,1.0
318,20t,2018-11-14,06:00:00,28.0,,2.0,,15.0,1.0
319,20t,2018-11-14,07:00:00,29.0,,3.0,,23.0,2.0
320,20t,2018-11-14,08:00:00,35.0,,8.0,,30.0,5.0
321,20t,2018-11-14,09:00:00,34.0,,16.0,,31.0,5.0
322,20t,2018-11-14,10:00:00,32.0,,28.0,,20.0,3.0
323,20t,2018-11-14,11:00:00,26.0,,39.0,,12.0,3.0
324,20t,2018-11-14,12:00:00,21.0,,45.0,,5.0,2.0
325,20t,2018-11-14,13:00:00,17.0,,48.0,,7.0,2.0
326,20t,2018-11-14,14:00:00,14.0,,58.0,,5.0,2.0
327,20t,2018-11-14,15:00:00,15.0,,52.0,,5.0,2.0
328,20t,2018-11-14,16:00:00,16.0,,45.0,,8.0,2.0
329,20t,2018-11-14,17:00:00,18.0,,32.0,,15.0,2.0
330,20t,2018-11-14,18:00:00,22.0,,19.0,,19.0,2.0
331,20t,2018-11-14,19:00:00,28.0,,13.0,,21.0,1.0
332,20t,2018-11-14,20:00:00,35.0,,9.0,,29.0,1.0
333,20t,2018-11-14,21:00:00,45.0,,8.0,,28.0,2.0
334,20t,2018-11-14,22:00:00,49.0,,5.0,,27.0,2.0
335,20t,2018-11-14,23:00:00,49.0,,2.0,,30.0,1.0
336,21t,2018-11-14,00:00:00,26.0,41.0,1.0,1.0,22.0,3.0
337,21t,2018-11-14,01:00:00,28.0,78.0,,0.99,22.0,4.0
338,21t,2018-11-14,02:00:00,31.0,68.0,,0.97,21.0,4.0
339,21t,2018-11-14,03:00:00,33.0,73.0,,0.91,24.0,4.0
340,21t,2018-11-14,04:00:00,32.0,78.0,,0.98,20.0,4.0
341,21t,2018-11-14,05:00:00,30.0,67.0,1.0,1.1,21.0,4.0
342,21t,2018-11-14,06:00:00,31.0,64.0,1.0,1.57,23.0,5.0
343,21t,2018-11-14,07:00:00,36.0,97.0,2.0,1.44,24.0,5.0
344,21t,2018-11-14,08:00:00,38.0,94.0,,,,
345,21t,2018-11-14,09:00:00,37.0,126.0,23.0,0.84,15.0,4.0
346,21t,2018-11-14,10:00:00,32.0,86.0,28.0,0.75,13.0,3.0
347,21t,2018-11-14,11:00:00,25.0,69.0,40.0,0.72,8.0,2.0
348,21t,2018-11-14,12:00:00,19.0,44.0,43.0,0.67,5.0,2.0
349,21t,2018-11-14,13:00:00,15.0,32.0,45.0,0.64,4.0,2.0
350,21t,2018-11-14,14:00:00,13.0,30.0,52.0,0.66,7.0,2.0
351,21t,2018-11-14,15:00:00,12.0,42.0,52.0,0.71,8.0,2.0
352,21t,2018-11-14,16:00:00,15.0,50.0,43.0,0.84,15.0,2.0
353,21t,2018-11-14,17:00:00,18.0,50.0,27.0,0.9,22.0,2.0
354,21t,2018-11-14,18:00:00,18.0,46.0,19.0,0.97,28.0,2.0
355,21t,2018-11-14,19:00:00,20.0,50.0,21.0,0.89,19.0,2.0
356,21t,2018-11-14,20:00:00,22.0,69.0,14.0,0.94,22.0,2.0
357,21t,2018-11-14,21:00:00,23.0,51.0,10.0,0.86,22.0,2.0
358,21t,2018-11-14,22:00:00,25.0,53.0,3.0,0.95,27.0,3.0
359,21t,2018-11-14,23:00:00,26.0,46.0,3.0,0.84,25.0,2.0
360,22t,2018-11-14,00:00:00,,111.0,,1.24,16.0,10.0
361,22t,2018-11-14,01:00:00,,105.0,,1.07,15.0,9.0
362,22t,2018-11-14,02:00:00,,101.0,,0.96,13.0,10.0
363,22t,2018-11-14,03:00:00,,102.0,,0.81,10.0,9.0
364,22t,2018-11-14,04:00:00,,97.0,,0.77,9.0,9.0
365,22t,2018-11-14,05:00:00,,89.0,,0.81,8.0,9.0
366,22t,2018-11-14,06:00:00,,81.0,2.0,0.83,7.0,9.0
367,22t,2018-11-14,07:00:00,,82.0,,0.98,8.0,10.0
368,22t,2018-11-14,08:00:00,,88.0,4.0,0.7,7.0,13.0
369,22t,2018-11-14,09:00:00,,84.0,19.0,0.53,2.0,14.0
370,22t,2018-11-14,10:00:00,,73.0,33.0,0.44,2.0,12.0
371,22t,2018-11-14,11:00:00,,62.0,43.0,0.46,13.0,12.0
372,22t,2018-11-14,12:00:00,,61.0,58.0,0.44,8.0,11.0
373,22t,2018-11-14,13:00:00,,54.0,,,,
374,22t,2018-11-14,14:00:00,,53.0,60.0,0.4,3.0,9.0
375,22t,2018-11-14,15:00:00,,42.0,62.0,0.49,8.0,9.0
376,22t,2018-11-14,16:00:00,,,,,,
377,22t,2018-11-14,17:00:00,,62.0,37.0,0.7,19.0,9.0
378,22t,2018-11-14,18:00:00,,53.0,22.0,0.91,27.0,9.0
379,22t,2018-11-14,19:00:00,,55.0,12.0,0.91,15.0,9.0
380,22t,2018-11-14,20:00:00,,60.0,7.0,1.03,15.0,9.0
381,22t,2018-11-14,21:00:00,,69.0,5.0,0.99,16.0,10.0
382,22t,2018-11-14,22:00:00,,70.0,4.0,1.06,19.0,10.0
383,22t,2018-11-14,23:00:00,,79.0,3.0,1.16,19.0,10.0
384,24t,2018-11-14,00:00:00,36.0,221.0,1.0,0.58,12.0,1.0
385,24t,2018-11-14,01:00:00,31.0,215.0,1.0,0.49,12.0,2.0
386,24t,2018-11-14,02:00:00,38.0,233.0,1.0,0.51,12.0,2.0
387,24t,2018-11-14,03:00:00,47.0,268.0,1.0,0.7,13.0,2.0
388,24t,2018-11-14,04:00:00,47.0,238.0,1.0,0.62,13.0,2.0
389,24t,2018-11-14,05:00:00,50.0,287.0,1.0,0.83,20.0,3.0
390,24t,2018-11-14,06:00:00,54.0,324.0,1.0,0.81,20.0,2.0
391,24t,2018-11-14,07:00:00,54.0,275.0,1.0,1.26,24.0,2.0
392,24t,2018-11-14,08:00:00,58.0,389.0,4.0,0.94,26.0,2.0
393,24t,2018-11-14,09:00:00,57.0,344.0,10.0,0.46,19.0,1.0
394,24t,2018-11-14,10:00:00,52.0,163.0,18.0,0.37,17.0,
395,24t,2018-11-14,11:00:00,46.0,139.0,18.0,0.44,26.0,1.0
396,24t,2018-11-14,12:00:00,39.0,151.0,21.0,0.36,21.0,1.0
397,24t,2018-11-14,13:00:00,31.0,101.0,25.0,0.44,16.0,1.0
398,24t,2018-11-14,14:00:00,30.0,101.0,22.0,0.34,19.0,1.0
399,24t,2018-11-14,15:00:00,29.0,105.0,12.0,0.63,32.0,1.0
400,24t,2018-11-14,16:00:00,20.0,148.0,16.0,0.46,23.0,
401,24t,2018-11-14,17:00:00,,95.0,,,,
402,24t,2018-11-14,18:00:00,19.0,68.0,5.0,0.61,27.0,1.0
403,24t,2018-11-14,19:00:00,30.0,146.0,2.0,0.55,29.0,1.0
404,24t,2018-11-14,20:00:00,31.0,163.0,2.0,0.67,25.0,1.0
405,24t,2018-11-14,21:00:00,29.0,182.0,1.0,0.64,24.0,1.0
406,24t,2018-11-14,22:00:00,28.0,189.0,1.0,0.66,18.0,1.0
407,24t,2018-11-14,23:00:00,33.0,250.0,1.0,0.45,18.0,1.0
408,25t,2018-11-14,00:00:00,21.0,83.0,2.0,,16.0,
409,25t,2018-11-14,01:00:00,24.0,63.0,2.0,,19.0,
410,25t,2018-11-14,02:00:00,29.0,79.0,3.0,,20.0,
411,25t,2018-11-14,03:00:00,33.0,87.0,3.0,,19.0,
412,25t,2018-11-14,04:00:00,34.0,89.0,2.0,,18.0,
413,25t,2018-11-14,05:00:00,27.0,89.0,2.0,,16.0,
414,25t,2018-11-14,06:00:00,24.0,74.0,3.0,,,
415,25t,2018-11-14,07:00:00,33.0,97.0,3.0,,17.0,
416,25t,2018-11-14,08:00:00,34.0,105.0,,,13.0,
417,25t,2018-11-14,09:00:00,31.0,76.0,17.0,,19.0,
418,25t,2018-11-14,10:00:00,31.0,88.0,30.0,,15.0,
419,25t,2018-11-14,11:00:00,24.0,73.0,43.0,,15.0,
420,25t,2018-11-14,12:00:00,21.0,77.0,54.0,,13.0,
421,25t,2018-11-14,13:00:00,25.0,67.0,62.0,,9.0,
422,25t,2018-11-14,14:00:00,17.0,62.0,63.0,,6.0,
423,25t,2018-11-14,15:00:00,24.0,45.0,46.0,,8.0,
424,25t,2018-11-14,16:00:00,28.0,52.0,30.0,,14.0,
425,25t,2018-11-14,17:00:00,14.0,26.0,21.0,,19.0,
426,25t,2018-11-14,18:00:00,7.0,38.0,13.0,,16.0,
427,25t,2018-11-14,19:00:00,14.0,39.0,5.0,,18.0,
428,25t,2018-11-14,20:00:00,19.0,61.0,3.0,,21.0,
429,25t,2018-11-14,21:00:00,16.0,83.0,3.0,,21.0,
430,25t,2018-11-14,22:00:00,20.0,68.0,2.0,,23.0,
431,25t,2018-11-14,23:00:00,38.0,79.0,2.0,,24.0,
432,26t,2018-11-14,00:00:00,48.0,2.0,16.0,0.64,7.0,5.0
433,26t,2018-11-14,01:00:00,39.0,66.0,,,,
434,26t,2018-11-14,02:00:00,34.0,66.0,8.0,0.6,4.0,4.0
435,26t,2018-11-14,03:00:00,30.0,58.0,8.0,0.6,4.0,4.0
436,26t,2018-11-14,04:00:00,28.0,49.0,6.0,0.61,5.0,4.0
437,26t,2018-11-14,05:00:00,25.0,42.0,4.0,0.6,8.0,5.0
438,26t,2018-11-14,06:00:00,24.0,114.0,2.0,0.73,11.0,5.0
439,26t,2018-11-14,07:00:00,37.0,56.0,5.0,0.84,11.0,5.0
440,26t,2018-11-14,08:00:00,36.0,58.0,14.0,0.7,10.0,5.0
441,26t,2018-11-14,09:00:00,23.0,66.0,23.0,0.56,6.0,5.0
442,26t,2018-11-14,10:00:00,20.0,,32.0,0.5,4.0,4.0
443,26t,2018-11-14,11:00:00,15.0,38.0,38.0,0.5,3.0,5.0
444,26t,2018-11-14,12:00:00,13.0,46.0,39.0,0.49,3.0,5.0
445,26t,2018-11-14,13:00:00,10.0,44.0,44.0,0.5,3.0,5.0
446,26t,2018-11-14,14:00:00,19.0,38.0,50.0,0.53,4.0,5.0
447,26t,2018-11-14,15:00:00,17.0,47.0,42.0,0.51,6.0,4.0
448,26t,2018-11-14,16:00:00,12.0,40.0,36.0,0.63,11.0,4.0
449,26t,2018-11-14,17:00:00,18.0,50.0,21.0,0.8,16.0,4.0
450,26t,2018-11-14,18:00:00,17.0,40.0,12.0,0.78,17.0,5.0
451,26t,2018-11-14,19:00:00,27.0,,2.0,1.0,23.0,5.0
452,26t,2018-11-14,20:00:00,32.0,66.0,1.0,1.02,21.0,5.0
453,26t,2018-11-14,21:00:00,36.0,61.0,3.0,0.83,16.0,5.0
454,26t,2018-11-14,22:00:00,33.0,55.0,8.0,0.71,11.0,5.0
455,26t,2018-11-14,23:00:00,26.0,55.0,4.0,0.78,12.0,5.0
456,27t,2018-11-14,00:00:00,66.0,87.0,,,31.0,
457,27t,2018-11-14,01:00:00,62.0,65.0,,,49.0,
458,27t,2018-11-14,02:00:00,72.0,88.0,,,45.0,
459,27t,2018-11-14,03:00:00,83.0,93.0,,,29.0,
460,27t,2018-11-14,04:00:00,66.0,73.0,,,27.0,
461,27t,2018-11-14,05:00:00,65.0,82.0,,,24.0,
462,27t,2018-11-14,06:00:00,54.0,69.0,,,23.0,
463,27t,2018-11-14,07:00:00,51.0,63.0,,,24.0,
464,27t,2018-11-14,08:00:00,57.0,84.0,,,25.0,
465,27t,2018-11-14,09:00:00,46.0,62.0,,,30.0,
466,27t,2018-11-14,10:00:00,41.0,69.0,,,40.0,
467,27t,2018-11-14,11:00:00,34.0,52.0,,,54.0,
468,27t,2018-11-14,12:00:00,43.0,,,,,
469,27t,2018-11-14,13:00:00,50.0,68.0,,,41.0,
470,27t,2018-11-14,14:00:00,40.0,62.0,,,36.0,
471,27t,2018-11-14,15:00:00,22.0,29.0,,,41.0,
472,27t,2018-11-14,16:00:00,24.0,38.0,,,52.0,
473,27t,2018-11-14,17:00:00,38.0,50.0,,,57.0,
474,27t,2018-11-14,18:00:00,48.0,67.0,,,61.0,
475,27t,2018-11-14,19:00:00,60.0,92.0,,,58.0,
476,27t,2018-11-14,20:00:00,84.0,118.0,,,58.0,
477,27t,2018-11-14,21:00:00,83.0,120.0,,,50.0,
478,27t,2018-11-14,22:00:00,81.0,126.0,,,49.0,
479,27t,2018-11-14,23:00:00,81.0,116.0,,,43.0,
480,28t,2018-11-14,00:00:00,,56.0,4.0,,11.0,1.0
481,28t,2018-11-14,01:00:00,,54.0,5.0,,7.0,
482,28t,2018-11-14,02:00:00,,54.0,5.0,,4.0,
483,28t,2018-11-14,03:00:00,,49.0,8.0,,6.0,
484,28t,2018-11-14,04:00:00,,51.0,4.0,,6.0,
485,28t,2018-11-14,05:00:00,,51.0,,,8.0,
486,28t,2018-11-14,06:00:00,,48.0,,,9.0,
487,28t,2018-11-14,07:00:00,,51.0,6.0,,13.0,
488,28t,2018-11-14,08:00:00,,71.0,17.0,,13.0,1.0
489,28t,2018-11-14,09:00:00,,73.0,36.0,,9.0,1.0
490,28t,2018-11-14,10:00:00,,66.0,51.0,,6.0,2.0
491,28t,2018-11-14,11:00:00,,66.0,63.0,,4.0,1.0
492,28t,2018-11-14,12:00:00,,65.0,44.0,,,1.0
493,28t,2018-11-14,13:00:00,,66.0,41.0,,,2.0
494,28t,2018-11-14,14:00:00,,46.0,40.0,,2.0,2.0
495,28t,2018-11-14,15:00:00,,32.0,28.0,,11.0,1.0
496,28t,2018-11-14,16:00:00,,39.0,35.0,,15.0,2.0
497,28t,2018-11-14,17:00:00,,46.0,30.0,,19.0,1.0
498,28t,2018-11-14,18:00:00,,57.0,21.0,,20.0,2.0
499,28t,2018-11-14,19:00:00,,70.0,15.0,,20.0,2.0
500,28t,2018-11-14,20:00:00,,75.0,7.0,,19.0,1.0
501,28t,2018-11-14,21:00:00,,75.0,6.0,,14.0,1.0
502,28t,2018-11-14,22:00:00,,73.0,,,,
503,28t,2018-11-14,23:00:00,,59.0,4.0,,9.0,
504,29t,2018-11-14,00:00:00,37.0,69.0,12.0,0.68,15.0,1.0
505,29t,2018-11-14,01:00:00,41.0,75.0,16.0,0.57,9.0,2.0
506,29t,2018-11-14,02:00:00,39.0,71.0,13.0,0.52,8.0,2.0
507,29t,2018-11-14,03:00:00,42.0,73.0,11.0,0.49,10.0,2.0
508,29t,2018-11-14,04:00:00,35.0,65.0,25.0,0.47,5.0,1.0
509,29t,2018-11-14,05:00:00,32.0,52.0,14.0,0.49,11.0,1.0
510,29t,2018-11-14,06:00:00,35.0,60.0,4.0,0.66,20.0,1.0
511,29t,2018-11-14,07:00:00,42.0,68.0,8.0,0.86,19.0,1.0
512,29t,2018-11-14,08:00:00,39.0,74.0,21.0,0.77,13.0,1.0
513,29t,2018-11-14,09:00:00,42.0,72.0,37.0,0.51,9.0,1.0
514,29t,2018-11-14,10:00:00,32.0,62.0,43.0,0.42,13.0,1.0
515,29t,2018-11-14,11:00:00,32.0,65.0,48.0,0.39,8.0,2.0
516,29t,2018-11-14,12:00:00,27.0,53.0,,,,
517,29t,2018-11-14,13:00:00,30.0,62.0,41.0,0.25,13.0,13.0
518,29t,2018-11-14,14:00:00,23.0,47.0,50.0,0.28,16.0,9.0
519,29t,2018-11-14,15:00:00,17.0,47.0,55.0,0.3,18.0,4.0
520,29t,2018-11-14,16:00:00,26.0,49.0,49.0,0.32,20.0,7.0
521,29t,2018-11-14,17:00:00,28.0,49.0,46.0,0.32,17.0,
522,29t,2018-11-14,18:00:00,25.0,55.0,29.0,0.42,19.0,2.0
523,29t,2018-11-14,19:00:00,34.0,62.0,28.0,0.56,18.0,2.0
524,29t,2018-11-14,20:00:00,27.0,67.0,13.0,0.72,23.0,2.0
525,29t,2018-11-14,21:00:00,41.0,86.0,18.0,0.74,15.0,1.0
526,29t,2018-11-14,22:00:00,42.0,84.0,20.0,0.64,10.0,1.0
527,29t,2018-11-14,23:00:00,34.0,82.0,11.0,0.58,15.0,2.0
528,30t,2018-11-14,00:00:00,,57.0,40.0,1.12,,2.0
529,30t,2018-11-14,01:00:00,,58.0,37.0,1.05,,2.0
530,30t,2018-11-14,02:00:00,,54.0,32.0,1.09,,2.0
531,30t,2018-11-14,03:00:00,,47.0,47.0,0.89,,1.0
532,30t,2018-11-14,04:00:00,,39.0,38.0,1.05,,1.0
533,30t,2018-11-14,05:00:00,,31.0,,,,
534,30t,2018-11-14,06:00:00,,29.0,20.0,1.62,,1.0
535,30t,2018-11-14,07:00:00,,39.0,18.0,1.98,,2.0
536,30t,2018-11-14,08:00:00,,51.0,38.0,1.35,,2.0
537,30t,2018-11-14,09:00:00,,50.0,59.0,1.05,,1.0
538,30t,2018-11-14,10:00:00,,47.0,67.0,1.05,,3.0
539,30t,2018-11-14,11:00:00,,44.0,75.0,1.07,,4.0
540,30t,2018-11-14,12:00:00,,47.0,78.0,1.0,,3.0
541,30t,2018-11-14,13:00:00,,48.0,74.0,0.99,,4.0
542,30t,2018-11-14,14:00:00,,45.0,61.0,0.87,,2.0
543,30t,2018-11-14,15:00:00,,39.0,64.0,0.87,,1.0
544,30t,2018-11-14,16:00:00,,37.0,73.0,0.95,,1.0
545,30t,2018-11-14,17:00:00,,38.0,63.0,0.97,,2.0
546,30t,2018-11-14,18:00:00,,40.0,55.0,1.24,,2.0
547,30t,2018-11-14,19:00:00,,44.0,37.0,1.59,,2.0
548,30t,2018-11-14,20:00:00,,52.0,37.0,1.23,,2.0
549,30t,2018-11-14,21:00:00,,49.0,28.0,1.08,,3.0
550,30t,2018-11-14,22:00:00,,44.0,32.0,1.09,,2.0
551,30t,2018-11-14,23:00:00,,40.0,27.0,1.07,,2.0
552,31t,2018-11-14,00:00:00,37.0,62.0,16.0,0.42,14.0,1.0
553,31t,2018-11-14,01:00:00,33.0,66.0,7.0,0.47,17.0,1.0
554,31t,2018-11-14,02:00:00,45.0,72.0,6.0,0.48,18.0,1.0
555,31t,2018-11-14,03:00:00,44.0,75.0,13.0,0.36,12.0,1.0
556,31t,2018-11-14,04:00:00,40.0,72.0,8.0,0.36,14.0,1.0
557,31t,2018-11-14,05:00:00,44.0,80.0,2.0,0.42,17.0,1.0
558,31t,2018-11-14,06:00:00,53.0,78.0,,,,
559,31t,2018-11-14,07:00:00,41.0,82.0,5.0,0.55,22.0,2.0
560,31t,2018-11-14,08:00:00,46.0,95.0,22.0,0.45,17.0,2.0
561,31t,2018-11-14,09:00:00,40.0,84.0,39.0,0.31,7.0,1.0
562,31t,2018-11-14,10:00:00,43.0,59.0,38.0,0.31,10.0,2.0
563,31t,2018-11-14,11:00:00,47.0,60.0,37.0,0.33,11.0,2.0
564,31t,2018-11-14,12:00:00,54.0,66.0,39.0,0.3,9.0,1.0
565,31t,2018-11-14,13:00:00,39.0,59.0,43.0,0.33,9.0,1.0
566,31t,2018-11-14,14:00:00,36.0,65.0,53.0,0.41,13.0,2.0
567,31t,2018-11-14,15:00:00,31.0,62.0,48.0,0.4,10.0,1.0
568,31t,2018-11-14,16:00:00,33.0,65.0,37.0,0.41,16.0,1.0
569,31t,2018-11-14,17:00:00,32.0,64.0,,,,
570,31t,2018-11-14,18:00:00,58.0,65.0,,,,
571,31t,2018-11-14,19:00:00,50.0,61.0,,,,
572,31t,2018-11-14,20:00:00,64.0,80.0,,,,
573,31t,2018-11-14,21:00:00,57.0,76.0,,,,1.0
574,31t,2018-11-14,22:00:00,61.0,101.0,,,,
575,31t,2018-11-14,23:00:00,56.0,99.0,,,,1.0
576,32t,2018-11-14,00:00:00,50.0,65.0,16.0,,28.0,1.0
577,32t,2018-11-14,01:00:00,40.0,58.0,28.0,,21.0,1.0
578,32t,2018-11-14,02:00:00,42.0,58.0,28.0,,18.0,1.0
579,32t,2018-11-14,03:00:00,44.0,53.0,32.0,,13.0,1.0
580,32t,2018-11-14,04:00:00,43.0,58.0,19.0,,26.0,1.0
581,32t,2018-11-14,05:00:00,45.0,60.0,17.0,,24.0,1.0
582,32t,2018-11-14,06:00:00,32.0,55.0,18.0,,24.0,1.0
583,32t,2018-11-14,07:00:00,31.0,56.0,12.0,,37.0,1.0
584,32t,2018-11-14,08:00:00,36.0,70.0,21.0,,35.0,1.0
585,32t,2018-11-14,09:00:00,41.0,82.0,31.0,,26.0,1.0
586,32t,2018-11-14,10:00:00,47.0,75.0,51.0,,23.0,1.0
587,32t,2018-11-14,11:00:00,49.0,72.0,72.0,,22.0,1.0
588,32t,2018-11-14,12:00:00,58.0,85.0,82.0,,,
589,32t,2018-11-14,13:00:00,61.0,88.0,,,28.0,1.0
590,32t,2018-11-14,14:00:00,65.0,84.0,47.0,,32.0,1.0
591,32t,2018-11-14,15:00:00,37.0,73.0,31.0,,33.0,1.0
592,32t,2018-11-14,16:00:00,33.0,64.0,23.0,,42.0,1.0
593,32t,2018-11-14,17:00:00,38.0,68.0,34.0,,38.0,1.0
594,32t,2018-11-14,18:00:00,38.0,66.0,25.0,,32.0,1.0
595,32t,2018-11-14,19:00:00,43.0,68.0,12.0,,44.0,1.0
596,32t,2018-11-14,20:00:00,47.0,80.0,8.0,,46.0,1.0
597,32t,2018-11-14,21:00:00,53.0,77.0,16.0,,35.0,1.0
598,32t,2018-11-14,22:00:00,44.0,65.0,32.0,,18.0,1.0
599,32t,2018-11-14,23:00:00,31.0,41.0,30.0,,19.0,1.0
600,33t,2018-11-14,00:00:00,32.0,92.0,12.0,,,
601,33t,2018-11-14,01:00:00,46.0,72.0,12.0,,,
602,33t,2018-11-14,02:00:00,44.0,66.0,6.0,,,
603,33t,2018-11-14,03:00:00,38.0,54.0,6.0,,,
604,33t,2018-11-14,04:00:00,35.0,60.0,6.0,,,
605,33t,2018-11-14,05:00:00,34.0,64.0,5.0,,,
606,33t,2018-11-14,06:00:00,36.0,94.0,4.0,,,
607,33t,2018-11-14,07:00:00,40.0,93.0,5.0,,,
608,33t,2018-11-14,08:00:00,39.0,120.0,17.0,,,
609,33t,2018-11-14,09:00:00,40.0,153.0,,,,
610,33t,2018-11-14,10:00:00,39.0,99.0,40.0,,,
611,33t,2018-11-14,11:00:00,38.0,96.0,51.0,,,
612,33t,2018-11-14,12:00:00,36.0,74.0,62.0,,,
613,33t,2018-11-14,13:00:00,42.0,,61.0,,,
614,33t,2018-11-14,14:00:00,35.0,,45.0,,,
615,33t,2018-11-14,15:00:00,25.0,82.0,27.0,,,
616,33t,2018-11-14,16:00:00,23.0,72.0,28.0,,,
617,33t,2018-11-14,17:00:00,31.0,82.0,26.0,,,
618,33t,2018-11-14,18:00:00,28.0,80.0,18.0,,,
619,33t,2018-11-14,19:00:00,24.0,86.0,15.0,,,
620,33t,2018-11-14,20:00:00,35.0,81.0,9.0,,,
621,33t,2018-11-14,21:00:00,37.0,76.0,7.0,,,
622,33t,2018-11-14,22:00:00,35.0,76.0,9.0,,,
623,33t,2018-11-14,23:00:00,35.0,65.0,9.0,,,
624,34t,2018-11-14,00:00:00,33.0,38.0,1.0,1.21,45.0,
625,34t,2018-11-14,01:00:00,35.0,60.0,1.0,1.18,41.0,
626,34t,2018-11-14,02:00:00,39.0,55.0,1.0,1.2,37.0,
627,34t,2018-11-14,03:00:00,39.0,50.0,1.0,1.2,35.0,
628,34t,2018-11-14,04:00:00,37.0,59.0,,,,
629,34t,2018-11-14,05:00:00,38.0,64.0,1.0,1.31,35.0,
630,34t,2018-11-14,06:00:00,39.0,61.0,1.0,1.45,32.0,
631,34t,2018-11-14,07:00:00,44.0,52.0,13.0,1.23,26.0,
632,34t,2018-11-14,08:00:00,30.0,36.0,32.0,1.24,19.0,
633,34t,2018-11-14,09:00:00,29.0,35.0,55.0,1.32,26.0,
634,34t,2018-11-14,10:00:00,42.0,81.0,80.0,1.38,29.0,
635,34t,2018-11-14,11:00:00,44.0,92.0,116.0,1.43,25.0,
636,34t,2018-11-14,12:00:00,49.0,116.0,133.0,1.33,18.0,
637,34t,2018-11-14,13:00:00,52.0,106.0,142.0,1.28,15.0,
638,34t,2018-11-14,14:00:00,51.0,88.0,125.0,1.22,12.0,
639,34t,2018-11-14,15:00:00,47.0,69.0,83.0,1.13,10.0,
640,34t,2018-11-14,16:00:00,12.0,17.0,63.0,1.13,17.0,
641,34t,2018-11-14,17:00:00,13.0,18.0,49.0,1.17,22.0,
642,34t,2018-11-14,18:00:00,38.0,50.0,51.0,1.12,19.0,
643,34t,2018-11-14,19:00:00,14.0,19.0,34.0,1.15,22.0,
644,34t,2018-11-14,20:00:00,24.0,33.0,36.0,1.08,16.0,
645,34t,2018-11-14,21:00:00,10.0,14.0,44.0,0.94,5.0,
646,34t,2018-11-14,22:00:00,5.0,7.0,33.0,1.0,12.0,
647,34t,2018-11-14,23:00:00,14.0,24.0,16.0,1.02,28.0,
648,35t,2018-11-14,00:00:00,17.0,35.0,9.0,,5.0,
649,35t,2018-11-14,01:00:00,20.0,34.0,10.0,,4.0,
650,35t,2018-11-14,02:00:00,14.0,27.0,9.0,,4.0,
651,35t,2018-11-14,03:00:00,16.0,30.0,11.0,,2.0,
652,35t,2018-11-14,04:00:00,12.0,28.0,9.0,,2.0,
653,35t,2018-11-14,05:00:00,11.0,27.0,8.0,,4.0,
654,35t,2018-11-14,06:00:00,12.0,33.0,7.0,,3.0,
655,35t,2018-11-14,07:00:00,14.0,37.0,9.0,,5.0,
656,35t,2018-11-14,08:00:00,15.0,37.0,11.0,,6.0,
657,35t,2018-11-14,09:00:00,14.0,30.0,16.0,,6.0,
658,35t,2018-11-14,10:00:00,15.0,29.0,24.0,,7.0,
659,35t,2018-11-14,11:00:00,13.0,28.0,39.0,,6.0,
660,35t,2018-11-14,12:00:00,13.0,28.0,57.0,,5.0,
661,35t,2018-11-14,13:00:00,16.0,34.0,76.0,,9.0,
662,35t,2018-11-14,14:00:00,22.0,43.0,81.0,,8.0,
663,35t,2018-11-14,15:00:00,23.0,37.0,,,9.0,
664,35t,2018-11-14,16:00:00,19.0,38.0,53.0,,8.0,
665,35t,2018-11-14,17:00:00,15.0,37.0,41.0,,5.0,
666,35t,2018-11-14,18:00:00,13.0,31.0,34.0,,12.0,
667,35t,2018-11-14,19:00:00,24.0,37.0,13.0,,15.0,
668,35t,2018-11-14,20:00:00,21.0,45.0,11.0,,9.0,
669,35t,2018-11-14,21:00:00,16.0,38.0,11.0,,5.0,
670,35t,2018-11-14,22:00:00,14.0,29.0,13.0,,3.0,
671,35t,2018-11-14,23:00:00,12.0,23.0,12.0,,4.0,
672,36t,2018-11-14,00:00:00,,23.0,,0.84,9.0,1.0
673,36t,2018-11-14,01:00:00,,24.0,,0.99,10.0,1.0
674,36t,2018-11-14,02:00:00,,23.0,,0.87,8.0,1.0
675,36t,2018-11-14,03:00:00,,18.0,,0.67,5.0,1.0
676,36t,2018-11-14,04:00:00,,11.0,,0.65,3.0,1.0
677,36t,2018-11-14,05:00:00,,9.0,,0.63,4.0,1.0
678,36t,2018-11-14,06:00:00,,18.0,,0.91,10.0,1.0
679,36t,2018-11-14,07:00:00,,37.0,,1.14,13.0,2.0
680,36t,2018-11-14,08:00:00,,37.0,,1.09,13.0,1.0
681,36t,2018-11-14,09:00:00,,34.0,,0.77,7.0,1.0
682,36t,2018-11-14,10:00:00,,35.0,,0.79,12.0,1.0
683,36t,2018-11-14,11:00:00,,44.0,,0.78,14.0,1.0
684,36t,2018-11-14,12:00:00,,45.0,,0.79,15.0,1.0
685,36t,2018-11-14,13:00:00,,47.0,,,,
686,36t,2018-11-14,14:00:00,,45.0,,0.63,8.0,1.0
687,36t,2018-11-14,15:00:00,,68.0,,0.73,12.0,2.0
688,36t,2018-11-14,16:00:00,,50.0,,0.85,24.0,1.0
689,36t,2018-11-14,17:00:00,,40.0,,0.99,27.0,1.0
690,36t,2018-11-14,18:00:00,,3.0,,0.89,20.0,1.0
691,36t,2018-11-14,19:00:00,,9.0,,0.82,19.0,1.0
692,36t,2018-11-14,20:00:00,,11.0,,0.85,13.0,1.0
693,36t,2018-11-14,21:00:00,,15.0,,0.84,12.0,1.0
694,36t,2018-11-14,22:00:00,,11.0,,0.79,10.0,1.0
695,36t,2018-11-14,23:00:00,,13.0,,0.76,9.0,1.0
696,37t,2018-11-14,00:00:00,15.0,27.0,2.0,0.81,6.0,1.0
697,37t,2018-11-14,01:00:00,16.0,21.0,2.0,0.77,4.0,1.0
698,37t,2018-11-14,02:00:00,15.0,19.0,2.0,0.73,4.0,1.0
699,37t,2018-11-14,03:00:00,12.0,20.0,3.0,0.7,4.0,1.0
700,37t,2018-11-14,04:00:00,10.0,17.0,3.0,0.7,3.0,1.0
701,37t,2018-11-14,05:00:00,9.0,17.0,2.0,0.72,3.0,1.0
702,37t,2018-11-14,06:00:00,8.0,23.0,2.0,0.76,4.0,1.0
703,37t,2018-11-14,07:00:00,9.0,29.0,3.0,0.8,3.0,1.0
704,37t,2018-11-14,08:00:00,10.0,31.0,,,,
705,37t,2018-11-14,09:00:00,10.0,15.0,13.0,0.73,3.0,1.0
706,37t,2018-11-14,10:00:00,11.0,21.0,21.0,0.77,5.0,1.0
707,37t,2018-11-14,11:00:00,10.0,15.0,34.0,0.78,5.0,1.0
708,37t,2018-11-14,12:00:00,8.0,19.0,39.0,0.72,3.0,1.0
709,37t,2018-11-14,13:00:00,6.0,13.0,38.0,0.67,2.0,1.0
710,37t,2018-11-14,14:00:00,6.0,10.0,34.0,0.68,3.0,2.0
711,37t,2018-11-14,15:00:00,7.0,18.0,36.0,0.68,2.0,2.0
712,37t,2018-11-14,16:00:00,6.0,12.0,32.0,0.68,1.0,2.0
713,37t,2018-11-14,17:00:00,4.0,9.0,24.0,0.73,5.0,2.0
714,37t,2018-11-14,18:00:00,7.0,17.0,8.0,0.96,13.0,2.0
715,37t,2018-11-14,19:00:00,11.0,23.0,2.0,0.95,13.0,2.0
716,37t,2018-11-14,20:00:00,14.0,28.0,4.0,0.93,9.0,2.0
717,37t,2018-11-14,21:00:00,14.0,25.0,7.0,0.78,6.0,1.0
718,37t,2018-11-14,22:00:00,6.0,11.0,4.0,0.78,6.0,1.0
719,37t,2018-11-14,23:00:00,12.0,20.0,3.0,0.8,6.0,1.0
720,38t,2018-11-14,00:00:00,7.0,10.0,6.0,0.55,,2.0
721,38t,2018-11-14,01:00:00,6.0,14.0,6.0,0.55,,2.0
722,38t,2018-11-14,02:00:00,7.0,17.0,6.0,0.54,,2.0
723,38t,2018-11-14,03:00:00,8.0,14.0,6.0,0.54,,2.0
724,38t,2018-11-14,04:00:00,7.0,14.0,6.0,0.52,,2.0
725,38t,2018-11-14,05:00:00,6.0,13.0,6.0,0.54,,2.0
726,38t,2018-11-14,06:00:00,7.0,17.0,6.0,0.59,,2.0
727,38t,2018-11-14,07:00:00,9.0,20.0,8.0,0.67,1.0,1.0
728,38t,2018-11-14,08:00:00,7.0,19.0,15.0,0.6,,1.0
729,38t,2018-11-14,09:00:00,6.0,12.0,27.0,0.57,,2.0
730,38t,2018-11-14,10:00:00,5.0,14.0,31.0,0.56,,2.0
731,38t,2018-11-14,11:00:00,5.0,17.0,32.0,0.56,,2.0
732,38t,2018-11-14,12:00:00,6.0,18.0,29.0,0.55,,2.0
733,38t,2018-11-14,13:00:00,5.0,19.0,,0.55,,2.0
734,38t,2018-11-14,14:00:00,4.0,16.0,30.0,0.54,,2.0
735,38t,2018-11-14,15:00:00,4.0,9.0,24.0,0.52,,2.0
736,38t,2018-11-14,16:00:00,1.0,11.0,21.0,0.54,,2.0
737,38t,2018-11-14,17:00:00,2.0,12.0,16.0,0.61,,2.0
738,38t,2018-11-14,18:00:00,6.0,14.0,10.0,,,
739,38t,2018-11-14,19:00:00,10.0,13.0,9.0,0.61,,1.0
740,38t,2018-11-14,20:00:00,8.0,11.0,7.0,0.59,,1.0
741,38t,2018-11-14,21:00:00,7.0,9.0,7.0,0.58,,1.0
742,38t,2018-11-14,22:00:00,9.0,11.0,6.0,0.56,,2.0
743,38t,2018-11-14,23:00:00,9.0,11.0,6.0,0.57,,1.0
744,39t,2018-11-14,00:00:00,7.0,15.0,9.0,,2.0,2.0
745,39t,2018-11-14,01:00:00,8.0,21.0,8.0,,1.0,2.0
746,39t,2018-11-14,02:00:00,9.0,22.0,8.0,,1.0,2.0
747,39t,2018-11-14,03:00:00,10.0,21.0,8.0,,1.0,2.0
748,39t,2018-11-14,04:00:00,10.0,22.0,8.0,,1.0,2.0
749,39t,2018-11-14,05:00:00,10.0,24.0,8.0,,1.0,2.0
750,39t,2018-11-14,06:00:00,10.0,21.0,8.0,,1.0,2.0
751,39t,2018-11-14,07:00:00,10.0,13.0,9.0,,2.0,2.0
752,39t,2018-11-14,08:00:00,5.0,7.0,16.0,,2.0,2.0
753,39t,2018-11-14,09:00:00,2.0,3.0,25.0,,1.0,2.0
754,39t,2018-11-14,10:00:00,6.0,9.0,32.0,,2.0,2.0
755,39t,2018-11-14,11:00:00,5.0,6.0,31.0,,2.0,2.0
756,39t,2018-11-14,12:00:00,4.0,5.0,32.0,,1.0,1.0
757,39t,2018-11-14,13:00:00,4.0,12.0,36.0,,1.0,1.0
758,39t,2018-11-14,14:00:00,4.0,16.0,45.0,,2.0,1.0
759,39t,2018-11-14,15:00:00,6.0,25.0,44.0,,2.0,2.0
760,39t,2018-11-14,16:00:00,9.0,20.0,41.0,,2.0,1.0
761,39t,2018-11-14,17:00:00,13.0,20.0,18.0,,7.0,2.0
762,39t,2018-11-14,18:00:00,14.0,16.0,9.0,,6.0,1.0
763,39t,2018-11-14,19:00:00,16.0,23.0,8.0,,6.0,2.0
764,39t,2018-11-14,20:00:00,15.0,19.0,,,,
765,39t,2018-11-14,21:00:00,15.0,17.0,8.0,,3.0,1.0
766,39t,2018-11-14,22:00:00,11.0,12.0,8.0,,3.0,2.0
767,39t,2018-11-14,23:00:00,12.0,26.0,8.0,,2.0,1.0
768,40t,2018-11-14,00:00:00,9.0,17.0,5.0,,3.0,
769,40t,2018-11-14,01:00:00,6.0,22.0,5.0,,2.0,2.0
770,40t,2018-11-14,02:00:00,8.0,21.0,5.0,,2.0,2.0
771,40t,2018-11-14,03:00:00,7.0,20.0,5.0,,2.0,2.0
772,40t,2018-11-14,04:00:00,10.0,24.0,5.0,,3.0,2.0
773,40t,2018-11-14,05:00:00,9.0,31.0,5.0,,3.0,2.0
774,40t,2018-11-14,06:00:00,12.0,35.0,5.0,,3.0,2.0
775,40t,2018-11-14,07:00:00,14.0,21.0,6.0,,6.0,2.0
776,40t,2018-11-14,08:00:00,15.0,32.0,7.0,,6.0,2.0
777,40t,2018-11-14,09:00:00,15.0,25.0,14.0,,5.0,2.0
778,40t,2018-11-14,10:00:00,11.0,18.0,21.0,,3.0,2.0
779,40t,2018-11-14,11:00:00,17.0,19.0,15.0,,3.0,2.0
780,40t,2018-11-14,12:00:00,13.0,23.0,22.0,,2.0,2.0
781,40t,2018-11-14,13:00:00,9.0,24.0,24.0,,3.0,2.0
782,40t,2018-11-14,14:00:00,9.0,20.0,26.0,,2.0,2.0
783,40t,2018-11-14,15:00:00,12.0,25.0,26.0,,2.0,2.0
784,40t,2018-11-14,16:00:00,10.0,17.0,26.0,,2.0,2.0
785,40t,2018-11-14,17:00:00,12.0,17.0,17.0,,4.0,2.0
786,40t,2018-11-14,18:00:00,12.0,23.0,11.0,,3.0,2.0
787,40t,2018-11-14,19:00:00,17.0,24.0,10.0,,3.0,2.0
788,40t,2018-11-14,20:00:00,13.0,20.0,7.0,,4.0,2.0
789,40t,2018-11-14,21:00:00,9.0,21.0,7.0,,,
790,40t,2018-11-14,22:00:00,16.0,21.0,,,2.0,2.0
791,40t,2018-11-14,23:00:00,11.0,17.0,6.0,,2.0,2.0
792,41t,2018-11-14,00:00:00,25.0,72.0,3.0,1.18,13.0,1.0
793,41t,2018-11-14,01:00:00,29.0,71.0,4.0,1.12,13.0,1.0
794,41t,2018-11-14,02:00:00,30.0,66.0,4.0,1.02,12.0,1.0
795,41t,2018-11-14,03:00:00,29.0,55.0,8.0,0.82,10.0,1.0
796,41t,2018-11-14,04:00:00,26.0,47.0,8.0,0.84,10.0,1.0
797,41t,2018-11-14,05:00:00,22.0,45.0,6.0,0.85,9.0,1.0
798,41t,2018-11-14,06:00:00,23.0,60.0,4.0,0.99,12.0,1.0
799,41t,2018-11-14,07:00:00,23.0,53.0,7.0,1.24,14.0,1.0
800,41t,2018-11-14,08:00:00,24.0,81.0,13.0,0.99,10.0,1.0
801,41t,2018-11-14,09:00:00,24.0,96.0,27.0,0.9,7.0,1.0
802,41t,2018-11-14,10:00:00,26.0,74.0,44.0,0.93,6.0,1.0
803,41t,2018-11-14,11:00:00,27.0,75.0,45.0,0.88,11.0,1.0
804,41t,2018-11-14,12:00:00,23.0,65.0,,,,
805,41t,2018-11-14,13:00:00,19.0,48.0,45.0,0.74,4.0,1.0
806,41t,2018-11-14,14:00:00,16.0,46.0,41.0,0.81,6.0,1.0
807,41t,2018-11-14,15:00:00,15.0,50.0,34.0,0.73,5.0,1.0
808,41t,2018-11-14,16:00:00,13.0,25.0,20.0,1.2,14.0,1.0
809,41t,2018-11-14,17:00:00,21.0,88.0,12.0,1.55,18.0,1.0
810,41t,2018-11-14,18:00:00,32.0,108.0,6.0,1.61,19.0,1.0
811,41t,2018-11-14,19:00:00,29.0,107.0,4.0,1.46,15.0,1.0
812,41t,2018-11-14,20:00:00,35.0,90.0,4.0,1.6,15.0,1.0
813,41t,2018-11-14,21:00:00,34.0,87.0,4.0,1.32,13.0,1.0
814,41t,2018-11-14,22:00:00,30.0,77.0,4.0,1.24,11.0,1.0
815,41t,2018-11-14,23:00:00,27.0,71.0,4.0,0.96,14.0,1.0
816,42t,2018-11-14,00:00:00,17.0,30.0,2.0,0.48,4.0,
817,42t,2018-11-14,01:00:00,22.0,34.0,3.0,0.4,3.0,1.0
818,42t,2018-11-14,02:00:00,12.0,18.0,3.0,0.4,2.0,1.0
819,42t,2018-11-14,03:00:00,15.0,17.0,3.0,0.41,2.0,1.0
820,42t,2018-11-14,04:00:00,13.0,15.0,2.0,0.48,3.0,1.0
821,42t,2018-11-14,05:00:00,16.0,17.0,4.0,0.5,2.0,2.0
822,42t,2018-11-14,06:00:00,13.0,29.0,,,,
823,42t,2018-11-14,07:00:00,13.0,24.0,4.0,0.74,6.0,1.0
824,42t,2018-11-14,08:00:00,13.0,34.0,13.0,0.67,8.0,1.0
825,42t,2018-11-14,09:00:00,10.0,33.0,28.0,0.37,2.0,1.0
826,42t,2018-11-14,10:00:00,11.0,22.0,32.0,0.39,,1.0
827,42t,2018-11-14,11:00:00,12.0,21.0,31.0,0.43,,1.0
828,42t,2018-11-14,12:00:00,8.0,17.0,32.0,0.38,,2.0
829,42t,2018-11-14,13:00:00,3.0,19.0,24.0,0.36,,2.0
830,42t,2018-11-14,14:00:00,4.0,18.0,25.0,0.33,,2.0
831,42t,2018-11-14,15:00:00,6.0,17.0,22.0,0.34,1.0,2.0
832,42t,2018-11-14,16:00:00,5.0,21.0,22.0,0.33,,1.0
833,42t,2018-11-14,17:00:00,6.0,21.0,20.0,0.36,2.0,
834,42t,2018-11-14,18:00:00,5.0,27.0,17.0,0.39,3.0,
835,42t,2018-11-14,19:00:00,12.0,30.0,15.0,0.48,3.0,
836,42t,2018-11-14,20:00:00,17.0,31.0,9.0,0.6,7.0,1.0
837,42t,2018-11-14,21:00:00,20.0,34.0,10.0,0.55,5.0,1.0
838,42t,2018-11-14,22:00:00,20.0,30.0,12.0,0.51,3.0,1.0
839,42t,2018-11-14,23:00:00,14.0,26.0,13.0,0.42,2.0,1.0
840,43t,2018-11-14,00:00:00,,,16.0,,,1.0
841,43t,2018-11-14,01:00:00,,,13.0,,,1.0
842,43t,2018-11-14,02:00:00,,,9.0,,,1.0
843,43t,2018-11-14,03:00:00,,,9.0,,,
844,43t,2018-11-14,04:00:00,,,10.0,,,1.0
845,43t,2018-11-14,05:00:00,,,9.0,,,
846,43t,2018-11-14,06:00:00,,,9.0,,,
847,43t,2018-11-14,07:00:00,,,6.0,,,1.0
848,43t,2018-11-14,08:00:00,,,12.0,,,1.0
849,43t,2018-11-14,09:00:00,,,14.0,,,1.0
850,43t,2018-11-14,10:00:00,,,,,,
851,43t,2018-11-14,11:00:00,,,18.0,,,2.0
852,43t,2018-11-14,12:00:00,,,18.0,,,1.0
853,43t,2018-11-14,13:00:00,,,16.0,,,1.0
854,43t,2018-11-14,14:00:00,,,17.0,,,1.0
855,43t,2018-11-14,15:00:00,,,19.0,,,1.0
856,43t,2018-11-14,16:00:00,,,16.0,,,1.0
857,43t,2018-11-14,17:00:00,,,9.0,,,1.0
858,43t,2018-11-14,18:00:00,,,5.0,,,1.0
859,43t,2018-11-14,19:00:00,,,5.0,,,1.0
860,43t,2018-11-14,20:00:00,,,7.0,,,1.0
861,43t,2018-11-14,21:00:00,,,6.0,,,1.0
862,43t,2018-11-14,22:00:00,,,8.0,,,1.0
863,43t,2018-11-14,23:00:00,,,7.0,,,
864,44t,2018-11-14,00:00:00,,13.0,,0.5,,
865,44t,2018-11-14,01:00:00,,8.0,,0.5,,
866,44t,2018-11-14,02:00:00,,,,0.6,,
867,44t,2018-11-14,03:00:00,,31.0,,,,
868,44t,2018-11-14,04:00:00,,22.0,,0.7,,
869,44t,2018-11-14,05:00:00,,22.0,,0.7,,
870,44t,2018-11-14,06:00:00,,25.0,,0.7,,
871,44t,2018-11-14,07:00:00,,21.0,,0.7,,
872,44t,2018-11-14,08:00:00,,21.0,,0.6,,
873,44t,2018-11-14,09:00:00,,10.0,,0.5,,
874,44t,2018-11-14,10:00:00,,10.0,,0.5,,
875,44t,2018-11-14,11:00:00,,10.0,,0.5,,
876,44t,2018-11-14,12:00:00,,12.0,,0.5,,
877,44t,2018-11-14,13:00:00,,8.0,,0.5,,
878,44t,2018-11-14,14:00:00,,10.0,,0.5,,
879,44t,2018-11-14,15:00:00,,18.0,,0.5,,
880,44t,2018-11-14,16:00:00,,15.0,,0.6,,
881,44t,2018-11-14,17:00:00,,12.0,,0.6,,
882,44t,2018-11-14,18:00:00,,7.0,,0.8,,
883,44t,2018-11-14,19:00:00,,9.0,,0.9,,
884,44t,2018-11-14,20:00:00,,25.0,,1.1,,
885,44t,2018-11-14,21:00:00,,31.0,,1.2,,
886,44t,2018-11-14,22:00:00,,34.0,,0.9,,
887,44t,2018-11-14,23:00:00,,18.0,,0.9,,
888,46t,2018-11-14,00:00:00,23.0,49.0,4.0,0.43,7.0,
889,46t,2018-11-14,01:00:00,27.0,41.0,3.0,0.42,8.0,1.0
890,46t,2018-11-14,02:00:00,24.0,45.0,4.0,0.41,8.0,1.0
891,46t,2018-11-14,03:00:00,23.0,40.0,4.0,0.42,8.0,1.0
892,46t,2018-11-14,04:00:00,20.0,38.0,4.0,0.4,8.0,1.0
893,46t,2018-11-14,05:00:00,20.0,41.0,3.0,0.47,9.0,1.0
894,46t,2018-11-14,06:00:00,22.0,40.0,3.0,0.54,10.0,1.0
895,46t,2018-11-14,07:00:00,24.0,43.0,3.0,0.54,8.0,1.0
896,46t,2018-11-14,08:00:00,23.0,47.0,6.0,0.52,9.0,1.0
897,46t,2018-11-14,09:00:00,22.0,49.0,9.0,0.4,7.0,
898,46t,2018-11-14,10:00:00,22.0,41.0,11.0,0.39,7.0,
899,46t,2018-11-14,11:00:00,22.0,37.0,5.0,0.33,4.0,
900,46t,2018-11-14,12:00:00,18.0,39.0,5.0,0.34,4.0,
901,46t,2018-11-14,13:00:00,20.0,44.0,5.0,0.35,4.0,
902,46t,2018-11-14,14:00:00,13.0,46.0,7.0,0.36,4.0,
903,46t,2018-11-14,15:00:00,15.0,37.0,,,,
904,46t,2018-11-14,16:00:00,22.0,51.0,4.0,0.42,7.0,
905,46t,2018-11-14,17:00:00,24.0,45.0,4.0,0.51,10.0,
906,46t,2018-11-14,18:00:00,32.0,66.0,2.0,0.82,24.0,
907,46t,2018-11-14,19:00:00,38.0,75.0,1.0,1.1,26.0,1.0
908,46t,2018-11-14,20:00:00,54.0,97.0,1.0,1.17,27.0,1.0
909,46t,2018-11-14,21:00:00,50.0,89.0,1.0,1.43,24.0,1.0
910,46t,2018-11-14,22:00:00,48.0,90.0,1.0,1.25,24.0,1.0
911,46t,2018-11-14,23:00:00,38.0,70.0,1.0,1.01,22.0,1.0
912,47t,2018-11-14,00:00:00,,83.0,1.0,0.58,,1.0
913,47t,2018-11-14,01:00:00,,58.0,1.0,0.5,,
914,47t,2018-11-14,02:00:00,,61.0,1.0,0.5,,
915,47t,2018-11-14,03:00:00,,86.0,1.0,0.68,,1.0
916,47t,2018-11-14,04:00:00,,61.0,1.0,0.44,,
917,47t,2018-11-14,05:00:00,,63.0,1.0,0.71,,1.0
918,47t,2018-11-14,06:00:00,,82.0,2.0,0.86,,1.0
919,47t,2018-11-14,07:00:00,,59.0,4.0,1.06,,1.0
920,47t,2018-11-14,08:00:00,,46.0,8.0,0.53,,1.0
921,47t,2018-11-14,09:00:00,,49.0,13.0,0.49,,
922,47t,2018-11-14,10:00:00,,42.0,22.0,0.34,,
923,47t,2018-11-14,11:00:00,,20.0,25.0,0.3,,
924,47t,2018-11-14,12:00:00,,35.0,23.0,0.32,,
925,47t,2018-11-14,13:00:00,,44.0,28.0,0.31,,
926,47t,2018-11-14,14:00:00,,41.0,32.0,0.27,,
927,47t,2018-11-14,15:00:00,,49.0,30.0,0.35,,
928,47t,2018-11-14,16:00:00,,39.0,22.0,0.42,,
929,47t,2018-11-14,17:00:00,,43.0,10.0,0.71,,
930,47t,2018-11-14,18:00:00,,49.0,7.0,0.73,,
931,47t,2018-11-14,19:00:00,,59.0,7.0,0.69,,
932,47t,2018-11-14,20:00:00,,63.0,7.0,0.64,,
933,47t,2018-11-14,21:00:00,,63.0,5.0,0.57,,
934,47t,2018-11-14,22:00:00,,92.0,,,,
935,47t,2018-11-14,23:00:00,,119.0,9.0,0.57,,1.0
936,50t,2018-11-14,00:00:00,47.0,75.0,,1.27,38.0,
937,50t,2018-11-14,01:00:00,40.0,61.0,,1.23,36.0,
938,50t,2018-11-14,02:00:00,37.0,59.0,,0.86,32.0,
939,50t,2018-11-14,03:00:00,31.0,57.0,,,,
940,50t,2018-11-14,04:00:00,38.0,59.0,,0.75,31.0,
941,50t,2018-11-14,05:00:00,41.0,80.0,,1.61,34.0,
942,50t,2018-11-14,06:00:00,51.0,85.0,,1.55,38.0,
943,50t,2018-11-14,07:00:00,42.0,89.0,,1.78,38.0,
944,50t,2018-11-14,08:00:00,47.0,129.0,,2.26,45.0,
945,50t,2018-11-14,09:00:00,48.0,107.0,,1.91,39.0,
946,50t,2018-11-14,10:00:00,44.0,102.0,,2.23,41.0,
947,50t,2018-11-14,11:00:00,42.0,115.0,,1.39,42.0,
948,50t,2018-11-14,12:00:00,31.0,77.0,,0.67,33.0,
949,50t,2018-11-14,13:00:00,25.0,54.0,,0.58,34.0,
950,50t,2018-11-14,14:00:00,24.0,49.0,,0.72,39.0,
951,50t,2018-11-14,15:00:00,27.0,57.0,,1.34,69.0,
952,50t,2018-11-14,16:00:00,38.0,85.0,,1.5,59.0,
953,50t,2018-11-14,17:00:00,43.0,106.0,,1.68,49.0,
954,50t,2018-11-14,18:00:00,40.0,87.0,,1.47,48.0,
955,50t,2018-11-14,19:00:00,42.0,92.0,,1.57,45.0,
956,50t,2018-11-14,20:00:00,42.0,90.0,,1.64,48.0,
957,50t,2018-11-14,21:00:00,42.0,97.0,,1.7,54.0,
958,50t,2018-11-14,22:00:00,44.0,92.0,,1.48,47.0,
959,50t,2018-11-14,23:00:00,57.0,104.0,,1.37,46.0,
960,52t,2018-11-14,00:00:00,52.0,97.0,1.0,1.59,38.0,3.0
961,52t,2018-11-14,01:00:00,49.0,100.0,1.0,1.47,37.0,3.0
962,52t,2018-11-14,02:00:00,45.0,95.0,1.0,1.05,37.0,2.0
963,52t,2018-11-14,03:00:00,48.0,91.0,1.0,1.0,36.0,2.0
964,52t,2018-11-14,04:00:00,49.0,96.0,1.0,0.96,31.0,2.0
965,52t,2018-11-14,05:00:00,58.0,110.0,1.0,1.13,27.0,2.0
966,52t,2018-11-14,06:00:00,60.0,114.0,1.0,1.67,28.0,3.0
967,52t,2018-11-14,07:00:00,62.0,126.0,1.0,1.69,29.0,3.0
968,52t,2018-11-14,08:00:00,63.0,122.0,6.0,1.29,37.0,3.0
969,52t,2018-11-14,09:00:00,53.0,99.0,15.0,0.88,31.0,4.0
970,52t,2018-11-14,10:00:00,42.0,83.0,27.0,0.73,22.0,4.0
971,52t,2018-11-14,11:00:00,29.0,69.0,32.0,0.6,42.0,2.0
972,52t,2018-11-14,12:00:00,31.0,71.0,41.0,0.49,21.0,2.0
973,52t,2018-11-14,13:00:00,29.0,64.0,38.0,0.76,30.0,3.0
974,52t,2018-11-14,14:00:00,50.0,66.0,48.0,0.87,31.0,3.0
975,52t,2018-11-14,15:00:00,38.0,76.0,39.0,0.81,38.0,2.0
976,52t,2018-11-14,16:00:00,36.0,73.0,27.0,0.99,41.0,2.0
977,52t,2018-11-14,17:00:00,45.0,82.0,15.0,1.21,46.0,2.0
978,52t,2018-11-14,18:00:00,42.0,89.0,6.0,1.53,57.0,5.0
979,52t,2018-11-14,19:00:00,54.0,109.0,5.0,1.27,49.0,3.0
980,52t,2018-11-14,20:00:00,41.0,80.0,1.0,1.27,48.0,3.0
981,52t,2018-11-14,21:00:00,48.0,85.0,1.0,1.27,48.0,3.0
982,52t,2018-11-14,22:00:00,43.0,88.0,,,,
983,52t,2018-11-14,23:00:00,52.0,99.0,5.0,0.98,44.0,3.0
984,53t,2018-11-14,00:00:00,62.0,110.0,,1.6,45.0,
985,53t,2018-11-14,01:00:00,53.0,104.0,,1.3,41.0,
986,53t,2018-11-14,02:00:00,52.0,93.0,,1.2,35.0,
987,53t,2018-11-14,03:00:00,39.0,80.0,,,,
988,53t,2018-11-14,04:00:00,44.0,95.0,,1.2,30.0,
989,53t,2018-11-14,05:00:00,51.0,93.0,,1.4,31.0,
990,53t,2018-11-14,06:00:00,61.0,111.0,,1.5,33.0,
991,53t,2018-11-14,07:00:00,54.0,109.0,,1.7,32.0,
992,53t,2018-11-14,08:00:00,56.0,112.0,,1.8,38.0,
993,53t,2018-11-14,09:00:00,53.0,109.0,,2.0,49.0,
994,53t,2018-11-14,10:00:00,48.0,93.0,,1.6,54.0,
995,53t,2018-11-14,11:00:00,36.0,88.0,,1.6,49.0,
996,53t,2018-11-14,12:00:00,39.0,82.0,,1.2,34.0,
997,53t,2018-11-14,13:00:00,26.0,54.0,,0.8,28.0,
998,53t,2018-11-14,14:00:00,22.0,43.0,,0.6,16.0,
999,53t,2018-11-14,15:00:00,24.0,59.0,,1.0,31.0,
1000,53t,2018-11-14,16:00:00,30.0,59.0,,1.2,53.0,
1001,53t,2018-11-14,17:00:00,39.0,83.0,,1.5,54.0,
1002,53t,2018-11-14,18:00:00,40.0,74.0,,1.4,49.0,
1003,53t,2018-11-14,19:00:00,36.0,71.0,,1.4,61.0,
1004,53t,2018-11-14,20:00:00,40.0,72.0,,1.4,52.0,
1005,53t,2018-11-14,21:00:00,46.0,82.0,,1.4,51.0,
1006,53t,2018-11-14,22:00:00,45.0,83.0,,1.5,49.0,
1007,53t,2018-11-14,23:00:00,53.0,94.0,,1.8,53.0,
1008,54t,2018-11-14,00:00:00,64.0,137.0,1.0,1.7,26.0,
1009,54t,2018-11-14,01:00:00,58.0,123.0,6.0,1.19,18.0,
1010,54t,2018-11-14,02:00:00,44.0,102.0,2.0,1.45,21.0,
1011,54t,2018-11-14,03:00:00,46.0,88.0,3.0,1.4,17.0,
1012,54t,2018-11-14,04:00:00,50.0,94.0,4.0,1.59,15.0,
1013,54t,2018-11-14,05:00:00,68.0,98.0,2.0,2.08,16.0,
1014,54t,2018-11-14,06:00:00,72.0,118.0,3.0,3.33,32.0,
1015,54t,2018-11-14,07:00:00,79.0,131.0,3.0,3.65,31.0,
1016,54t,2018-11-14,08:00:00,78.0,135.0,6.0,2.66,34.0,
1017,54t,2018-11-14,09:00:00,64.0,109.0,10.0,1.73,,
1018,54t,2018-11-14,10:00:00,53.0,97.0,13.0,1.68,25.0,
1019,54t,2018-11-14,11:00:00,45.0,89.0,18.0,1.49,22.0,
1020,54t,2018-11-14,12:00:00,43.0,75.0,23.0,1.16,12.0,
1021,54t,2018-11-14,13:00:00,37.0,72.0,22.0,1.28,16.0,
1022,54t,2018-11-14,14:00:00,33.0,65.0,20.0,1.57,34.0,
1023,54t,2018-11-14,15:00:00,28.0,70.0,34.0,1.55,24.0,
1024,54t,2018-11-14,16:00:00,35.0,82.0,28.0,1.56,21.0,
1025,54t,2018-11-14,17:00:00,40.0,83.0,18.0,1.69,27.0,
1026,54t,2018-11-14,18:00:00,36.0,70.0,21.0,1.57,16.0,
1027,54t,2018-11-14,19:00:00,43.0,66.0,12.0,1.72,22.0,
1028,54t,2018-11-14,20:00:00,40.0,67.0,,,,
1029,54t,2018-11-14,21:00:00,49.0,88.0,1.0,2.81,42.0,
1030,54t,2018-11-14,22:00:00,53.0,100.0,2.0,1.77,28.0,
1031,54t,2018-11-14,23:00:00,63.0,104.0,1.0,1.61,28.0,
1032,57t,2018-11-14,00:00:00,17.0,25.0,2.0,0.51,2.0,
1033,57t,2018-11-14,01:00:00,8.0,11.0,2.0,0.49,1.0,
1034,57t,2018-11-14,02:00:00,6.0,13.0,1.0,0.48,2.0,
1035,57t,2018-11-14,03:00:00,5.0,10.0,1.0,0.48,2.0,
1036,57t,2018-11-14,04:00:00,4.0,11.0,1.0,0.49,1.0,
1037,57t,2018-11-14,05:00:00,4.0,12.0,2.0,0.49,1.0,
1038,57t,2018-11-14,06:00:00,5.0,13.0,,,,
1039,57t,2018-11-14,07:00:00,7.0,15.0,2.0,0.56,3.0,
1040,57t,2018-11-14,08:00:00,9.0,19.0,4.0,0.63,5.0,
1041,57t,2018-11-14,09:00:00,12.0,23.0,8.0,0.56,4.0,
1042,57t,2018-11-14,10:00:00,14.0,24.0,12.0,0.59,6.0,
1043,57t,2018-11-14,11:00:00,12.0,23.0,21.0,0.52,5.0,
1044,57t,2018-11-14,12:00:00,10.0,19.0,26.0,0.48,5.0,
1045,57t,2018-11-14,13:00:00,10.0,17.0,29.0,0.48,4.0,
1046,57t,2018-11-14,14:00:00,8.0,11.0,29.0,0.48,4.0,
1047,57t,2018-11-14,15:00:00,8.0,12.0,28.0,0.46,4.0,
1048,57t,2018-11-14,16:00:00,9.0,15.0,18.0,0.52,7.0,
1049,57t,2018-11-14,17:00:00,14.0,25.0,11.0,0.62,9.0,
1050,57t,2018-11-14,18:00:00,25.0,38.0,5.0,0.73,9.0,
1051,57t,2018-11-14,19:00:00,24.0,35.0,3.0,0.74,8.0,
1052,57t,2018-11-14,20:00:00,25.0,39.0,2.0,0.72,7.0,
1053,57t,2018-11-14,21:00:00,28.0,37.0,2.0,0.6,4.0,
1054,57t,2018-11-14,22:00:00,13.0,23.0,,0.61,5.0,
1055,57t,2018-11-14,23:00:00,15.0,23.0,,0.6,4.0,
1056,58t,2018-11-14,00:00:00,2.0,8.0,2.0,0.29,1.0,
1057,58t,2018-11-14,01:00:00,11.0,17.0,5.0,0.28,1.0,
1058,58t,2018-11-14,02:00:00,28.0,35.0,4.0,0.36,1.0,
1059,58t,2018-11-14,03:00:00,20.0,26.0,1.0,0.32,1.0,
1060,58t,2018-11-14,04:00:00,4.0,10.0,1.0,0.3,1.0,
1061,58t,2018-11-14,05:00:00,1.0,8.0,1.0,0.26,,
1062,58t,2018-11-14,06:00:00,4.0,10.0,,,,
1063,58t,2018-11-14,07:00:00,6.0,14.0,1.0,0.41,1.0,
1064,58t,2018-11-14,08:00:00,9.0,24.0,1.0,0.72,3.0,
1065,58t,2018-11-14,09:00:00,7.0,18.0,3.0,0.74,3.0,
1066,58t,2018-11-14,10:00:00,7.0,17.0,6.0,0.77,3.0,
1067,58t,2018-11-14,11:00:00,7.0,16.0,13.0,0.66,2.0,
1068,58t,2018-11-14,12:00:00,4.0,9.0,15.0,0.57,2.0,
1069,58t,2018-11-14,13:00:00,5.0,9.0,14.0,0.63,2.0,
1070,58t,2018-11-14,14:00:00,4.0,9.0,15.0,0.73,3.0,
1071,58t,2018-11-14,15:00:00,6.0,10.0,18.0,0.71,2.0,
1072,58t,2018-11-14,16:00:00,4.0,7.0,14.0,0.98,4.0,
1073,58t,2018-11-14,17:00:00,8.0,17.0,6.0,1.6,7.0,
1074,58t,2018-11-14,18:00:00,11.0,21.0,6.0,0.73,3.0,
1075,58t,2018-11-14,19:00:00,5.0,11.0,5.0,0.69,3.0,
1076,58t,2018-11-14,20:00:00,6.0,11.0,4.0,0.65,3.0,
1077,58t,2018-11-14,21:00:00,5.0,10.0,4.0,0.49,1.0,
1078,58t,2018-11-14,22:00:00,5.0,10.0,3.0,0.33,1.0,
1079,58t,2018-11-14,23:00:00,8.0,13.0,3.0,0.31,1.0,
1080,59t,2018-11-14,00:00:00,49.0,58.0,2.0,1.53,42.0,
1081,59t,2018-11-14,01:00:00,42.0,51.0,9.0,1.36,30.0,
1082,59t,2018-11-14,02:00:00,33.0,44.0,9.0,1.3,26.0,
1083,59t,2018-11-14,03:00:00,26.0,44.0,12.0,1.24,18.0,
1084,59t,2018-11-14,04:00:00,34.0,58.0,9.0,1.28,18.0,
1085,59t,2018-11-14,05:00:00,34.0,61.0,3.0,1.36,24.0,
1086,59t,2018-11-14,06:00:00,33.0,53.0,1.0,1.52,30.0,
1087,59t,2018-11-14,07:00:00,41.0,60.0,5.0,1.52,28.0,
1088,59t,2018-11-14,08:00:00,37.0,57.0,17.0,1.39,25.0,
1089,59t,2018-11-14,09:00:00,37.0,48.0,32.0,1.19,17.0,
1090,59t,2018-11-14,10:00:00,32.0,50.0,39.0,1.12,16.0,
1091,59t,2018-11-14,11:00:00,27.0,49.0,40.0,1.09,19.0,
1092,59t,2018-11-14,12:00:00,30.0,47.0,44.0,1.0,13.0,
1093,59t,2018-11-14,13:00:00,26.0,42.0,51.0,0.96,9.0,
1094,59t,2018-11-14,14:00:00,17.0,31.0,57.0,0.94,8.0,
1095,59t,2018-11-14,15:00:00,18.0,37.0,,,,
1096,59t,2018-11-14,16:00:00,22.0,51.0,40.0,1.32,31.0,
1097,59t,2018-11-14,17:00:00,24.0,48.0,32.0,1.4,33.0,
1098,59t,2018-11-14,18:00:00,26.0,42.0,25.0,1.44,35.0,
1099,59t,2018-11-14,19:00:00,25.0,43.0,7.0,1.68,55.0,
1100,59t,2018-11-14,20:00:00,30.0,52.0,2.0,1.75,59.0,
1101,59t,2018-11-14,21:00:00,38.0,58.0,2.0,1.91,58.0,
1102,59t,2018-11-14,22:00:00,40.0,67.0,1.0,1.99,55.0,
1103,59t,2018-11-14,23:00:00,43.0,71.0,2.0,2.17,54.0,
1104,60t,2018-11-14,00:00:00,,111.0,13.0,,22.0,1.0
1105,60t,2018-11-14,01:00:00,,104.0,12.0,,23.0,1.0
1106,60t,2018-11-14,02:00:00,,95.0,13.0,,21.0,1.0
1107,60t,2018-11-14,03:00:00,,88.0,9.0,,21.0,1.0
1108,60t,2018-11-14,04:00:00,,88.0,4.0,,22.0,1.0
1109,60t,2018-11-14,05:00:00,,92.0,4.0,,25.0,1.0
1110,60t,2018-11-14,06:00:00,,90.0,1.0,,27.0,1.0
1111,60t,2018-11-14,07:00:00,,101.0,8.0,,17.0,1.0
1112,60t,2018-11-14,08:00:00,,100.0,25.0,,18.0,1.0
1113,60t,2018-11-14,09:00:00,,97.0,48.0,,13.0,2.0
1114,60t,2018-11-14,10:00:00,,86.0,64.0,,7.0,3.0
1115,60t,2018-11-14,11:00:00,,69.0,55.0,,3.0,3.0
1116,60t,2018-11-14,12:00:00,,58.0,52.0,,2.0,3.0
1117,60t,2018-11-14,13:00:00,,60.0,45.0,,2.0,2.0
1118,60t,2018-11-14,14:00:00,,42.0,45.0,,2.0,2.0
1119,60t,2018-11-14,15:00:00,,38.0,43.0,,5.0,1.0
1120,60t,2018-11-14,16:00:00,,30.0,,,,
1121,60t,2018-11-14,17:00:00,,38.0,73.0,,11.0,2.0
1122,60t,2018-11-14,18:00:00,,52.0,44.0,,18.0,2.0
1123,60t,2018-11-14,19:00:00,,58.0,40.0,,13.0,1.0
1124,60t,2018-11-14,20:00:00,,68.0,31.0,,21.0,1.0
1125,60t,2018-11-14,21:00:00,,78.0,23.0,,20.0,1.0
1126,60t,2018-11-14,22:00:00,,69.0,16.0,,15.0,1.0
1127,60t,2018-11-14,23:00:00,,64.0,6.0,,21.0,1.0
1128,61t,2018-11-14,00:00:00,47.0,,1.0,,54.0,3.0
1129,61t,2018-11-14,01:00:00,51.0,,1.0,,50.0,4.0
1130,61t,2018-11-14,02:00:00,41.0,,6.0,,42.0,2.0
1131,61t,2018-11-14,03:00:00,37.0,,13.0,,30.0,2.0
1132,61t,2018-11-14,04:00:00,30.0,,14.0,,27.0,3.0
1133,61t,2018-11-14,05:00:00,38.0,,6.0,,31.0,3.0
1134,61t,2018-11-14,06:00:00,45.0,,1.0,,44.0,4.0
1135,61t,2018-11-14,07:00:00,52.0,,3.0,,48.0,9.0
1136,61t,2018-11-14,08:00:00,49.0,,,,,
1137,61t,2018-11-14,09:00:00,36.0,,32.0,,28.0,4.0
1138,61t,2018-11-14,10:00:00,30.0,,40.0,,28.0,3.0
1139,61t,2018-11-14,11:00:00,29.0,,46.0,,20.0,2.0
1140,61t,2018-11-14,12:00:00,17.0,,62.0,,11.0,2.0
1141,61t,2018-11-14,13:00:00,20.0,,70.0,,9.0,2.0
1142,61t,2018-11-14,14:00:00,21.0,,69.0,,8.0,2.0
1143,61t,2018-11-14,15:00:00,15.0,,66.0,,12.0,2.0
1144,61t,2018-11-14,16:00:00,24.0,,53.0,,53.0,3.0
1145,61t,2018-11-14,17:00:00,37.0,,45.0,,49.0,3.0
1146,61t,2018-11-14,18:00:00,35.0,,33.0,,48.0,2.0
1147,61t,2018-11-14,19:00:00,36.0,,23.0,,51.0,3.0
1148,61t,2018-11-14,20:00:00,40.0,,13.0,,56.0,3.0
1149,61t,2018-11-14,21:00:00,37.0,,13.0,,49.0,3.0
1150,61t,2018-11-14,22:00:00,46.0,,20.0,,39.0,3.0
1151,61t,2018-11-14,23:00:00,38.0,,19.0,,40.0,5.0
1152,62t,2018-11-14,00:00:00,23.0,34.0,12.0,,,
1153,62t,2018-11-14,01:00:00,14.0,26.0,,0.7,4.0,
1154,62t,2018-11-14,02:00:00,11.0,24.0,10.0,0.7,3.0,
1155,62t,2018-11-14,03:00:00,9.0,24.0,10.0,0.7,2.0,
1156,62t,2018-11-14,04:00:00,6.0,21.0,11.0,0.7,2.0,
1157,62t,2018-11-14,05:00:00,4.0,19.0,10.0,0.8,3.0,
1158,62t,2018-11-14,06:00:00,6.0,24.0,9.0,0.9,4.0,
1159,62t,2018-11-14,07:00:00,8.0,17.0,12.0,0.9,5.0,
1160,62t,2018-11-14,08:00:00,11.0,24.0,14.0,0.8,15.0,
1161,62t,2018-11-14,09:00:00,10.0,17.0,13.0,0.7,16.0,
1162,62t,2018-11-14,10:00:00,10.0,19.0,15.0,0.7,11.0,
1163,62t,2018-11-14,11:00:00,8.0,14.0,15.0,0.9,12.0,
1164,62t,2018-11-14,12:00:00,5.0,10.0,16.0,0.8,9.0,
1165,62t,2018-11-14,13:00:00,5.0,11.0,19.0,0.8,8.0,
1166,62t,2018-11-14,14:00:00,9.0,25.0,22.0,0.8,5.0,
1167,62t,2018-11-14,15:00:00,9.0,13.0,25.0,0.6,3.0,
1168,62t,2018-11-14,16:00:00,7.0,14.0,21.0,0.9,7.0,
1169,62t,2018-11-14,17:00:00,9.0,14.0,14.0,1.4,13.0,
1170,62t,2018-11-14,18:00:00,7.0,24.0,8.0,1.6,16.0,
1171,62t,2018-11-14,19:00:00,11.0,36.0,9.0,1.3,13.0,
1172,62t,2018-11-14,20:00:00,14.0,34.0,9.0,1.2,12.0,
1173,62t,2018-11-14,21:00:00,15.0,37.0,9.0,1.1,9.0,
1174,62t,2018-11-14,22:00:00,15.0,29.0,9.0,1.0,6.0,
1175,62t,2018-11-14,23:00:00,12.0,31.0,9.0,,,
1176,63t,2018-11-14,00:00:00,26.0,45.0,12.0,0.79,7.0,
1177,63t,2018-11-14,01:00:00,22.0,37.0,13.0,0.81,6.0,
1178,63t,2018-11-14,02:00:00,15.0,35.0,14.0,0.67,3.0,
1179,63t,2018-11-14,03:00:00,14.0,22.0,11.0,0.65,2.0,
1180,63t,2018-11-14,04:00:00,16.0,20.0,11.0,0.41,2.0,
1181,63t,2018-11-14,05:00:00,18.0,26.0,10.0,0.31,2.0,
1182,63t,2018-11-14,06:00:00,14.0,19.0,9.0,0.47,2.0,
1183,63t,2018-11-14,07:00:00,17.0,29.0,6.0,0.63,4.0,
1184,63t,2018-11-14,08:00:00,19.0,35.0,13.0,0.85,7.0,
1185,63t,2018-11-14,09:00:00,20.0,45.0,16.0,1.04,9.0,
1186,63t,2018-11-14,10:00:00,26.0,45.0,19.0,0.81,7.0,
1187,63t,2018-11-14,11:00:00,13.0,27.0,25.0,0.67,5.0,
1188,63t,2018-11-14,12:00:00,11.0,16.0,27.0,0.62,6.0,
1189,63t,2018-11-14,13:00:00,13.0,16.0,22.0,,,
1190,63t,2018-11-14,14:00:00,15.0,27.0,,0.69,7.0,
1191,63t,2018-11-14,15:00:00,16.0,28.0,18.0,0.53,7.0,
1192,63t,2018-11-14,16:00:00,13.0,26.0,21.0,0.98,11.0,
1193,63t,2018-11-14,17:00:00,11.0,30.0,21.0,0.85,9.0,
1194,63t,2018-11-14,18:00:00,12.0,26.0,14.0,1.58,18.0,
1195,63t,2018-11-14,19:00:00,50.0,91.0,11.0,1.31,15.0,
1196,63t,2018-11-14,20:00:00,42.0,61.0,11.0,0.88,14.0,
1197,63t,2018-11-14,21:00:00,33.0,56.0,9.0,0.87,12.0,
1198,63t,2018-11-14,22:00:00,28.0,47.0,8.0,0.74,10.0,
1199,63t,2018-11-14,23:00:00,26.0,49.0,7.0,0.57,7.0,
1200,67t,2018-11-14,00:00:00,9.0,20.0,2.0,0.2,2.0,
1201,67t,2018-11-14,01:00:00,9.0,18.0,1.0,0.22,2.0,
1202,67t,2018-11-14,02:00:00,7.0,13.0,1.0,0.2,2.0,
1203,67t,2018-11-14,03:00:00,5.0,15.0,1.0,0.2,1.0,
1204,67t,2018-11-14,04:00:00,8.0,14.0,1.0,0.18,1.0,
1205,67t,2018-11-14,05:00:00,7.0,18.0,1.0,0.19,1.0,
1206,67t,2018-11-14,06:00:00,7.0,22.0,1.0,0.22,1.0,
1207,67t,2018-11-14,07:00:00,7.0,16.0,2.0,0.22,1.0,
1208,67t,2018-11-14,08:00:00,7.0,19.0,2.0,0.3,3.0,
1209,67t,2018-11-14,09:00:00,9.0,72.0,5.0,0.35,6.0,
1210,67t,2018-11-14,10:00:00,11.0,52.0,14.0,0.28,6.0,
1211,67t,2018-11-14,11:00:00,11.0,44.0,25.0,0.28,6.0,
1212,67t,2018-11-14,12:00:00,13.0,39.0,30.0,0.25,4.0,
1213,67t,2018-11-14,13:00:00,15.0,36.0,36.0,0.22,5.0,
1214,67t,2018-11-14,14:00:00,10.0,38.0,37.0,0.21,4.0,
1215,67t,2018-11-14,15:00:00,6.0,46.0,26.0,0.23,4.0,
1216,67t,2018-11-14,16:00:00,9.0,61.0,19.0,0.25,4.0,
1217,67t,2018-11-14,17:00:00,14.0,58.0,12.0,0.35,6.0,
1218,67t,2018-11-14,18:00:00,22.0,59.0,,,,
1219,67t,2018-11-14,19:00:00,22.0,44.0,2.0,0.44,8.0,
1220,67t,2018-11-14,20:00:00,25.0,53.0,1.0,0.5,6.0,
1221,67t,2018-11-14,21:00:00,28.0,51.0,1.0,0.42,4.0,
1222,67t,2018-11-14,22:00:00,24.0,39.0,1.0,0.36,3.0,
1223,67t,2018-11-14,23:00:00,19.0,35.0,1.0,0.27,2.0,
1224,68t,2018-11-14,00:00:00,23.0,37.0,1.0,0.5,9.0,3.0
1225,68t,2018-11-14,01:00:00,16.0,32.0,2.0,0.4,7.0,4.0
1226,68t,2018-11-14,02:00:00,14.0,27.0,1.0,0.4,7.0,3.0
1227,68t,2018-11-14,03:00:00,13.0,30.0,,0.4,9.0,3.0
1228,68t,2018-11-14,04:00:00,14.0,29.0,1.0,0.4,10.0,3.0
1229,68t,2018-11-14,05:00:00,15.0,32.0,1.0,0.4,10.0,3.0
1230,68t,2018-11-14,06:00:00,13.0,23.0,1.0,0.4,11.0,4.0
1231,68t,2018-11-14,07:00:00,14.0,29.0,2.0,0.5,12.0,4.0
1232,68t,2018-11-14,08:00:00,19.0,37.0,2.0,0.5,13.0,3.0
1233,68t,2018-11-14,09:00:00,22.0,42.0,7.0,0.4,14.0,3.0
1234,68t,2018-11-14,10:00:00,19.0,29.0,11.0,0.4,15.0,3.0
1235,68t,2018-11-14,11:00:00,20.0,33.0,22.0,0.4,14.0,3.0
1236,68t,2018-11-14,12:00:00,16.0,33.0,35.0,0.4,12.0,3.0
1237,68t,2018-11-14,13:00:00,17.0,31.0,40.0,0.4,11.0,4.0
1238,68t,2018-11-14,14:00:00,16.0,21.0,36.0,0.3,10.0,3.0
1239,68t,2018-11-14,15:00:00,10.0,28.0,37.0,0.3,10.0,3.0
1240,68t,2018-11-14,16:00:00,14.0,20.0,31.0,0.4,10.0,4.0
1241,68t,2018-11-14,17:00:00,12.0,29.0,20.0,,,
1242,68t,2018-11-14,18:00:00,85.0,107.0,,0.6,16.0,4.0
1243,68t,2018-11-14,19:00:00,28.0,42.0,10.0,0.6,22.0,3.0
1244,68t,2018-11-14,20:00:00,19.0,44.0,6.0,0.6,22.0,4.0
1245,68t,2018-11-14,21:00:00,23.0,45.0,4.0,0.6,21.0,4.0
1246,68t,2018-11-14,22:00:00,21.0,42.0,3.0,0.5,20.0,3.0
1247,68t,2018-11-14,23:00:00,17.0,35.0,3.0,0.5,18.0,4.0
1248,69t,2018-11-14,00:00:00,15.0,,1.0,0.39,6.0,2.0
1249,69t,2018-11-14,01:00:00,13.0,,1.0,0.35,4.0,2.0
1250,69t,2018-11-14,02:00:00,12.0,,1.0,0.37,3.0,
1251,69t,2018-11-14,03:00:00,12.0,,1.0,0.4,2.0,1.0
1252,69t,2018-11-14,04:00:00,12.0,,1.0,0.42,3.0,
1253,69t,2018-11-14,05:00:00,10.0,,1.0,0.43,3.0,
1254,69t,2018-11-14,06:00:00,9.0,,1.0,,3.0,
1255,69t,2018-11-14,07:00:00,10.0,,1.0,0.36,,
1256,69t,2018-11-14,08:00:00,8.0,,,0.33,3.0,1.0
1257,69t,2018-11-14,09:00:00,6.0,,7.0,0.33,4.0,3.0
1258,69t,2018-11-14,10:00:00,10.0,,15.0,0.38,4.0,1.0
1259,69t,2018-11-14,11:00:00,11.0,,32.0,0.36,3.0,
1260,69t,2018-11-14,12:00:00,10.0,,41.0,0.32,1.0,
1261,69t,2018-11-14,13:00:00,9.0,,45.0,0.3,1.0,
1262,69t,2018-11-14,14:00:00,8.0,,40.0,0.25,1.0,
1263,69t,2018-11-14,15:00:00,8.0,,37.0,0.22,1.0,
1264,69t,2018-11-14,16:00:00,9.0,,37.0,0.31,7.0,
1265,69t,2018-11-14,17:00:00,12.0,,13.0,0.46,17.0,
1266,69t,2018-11-14,18:00:00,16.0,,3.0,0.59,16.0,
1267,69t,2018-11-14,19:00:00,22.0,,3.0,0.58,9.0,
1268,69t,2018-11-14,20:00:00,24.0,,2.0,0.52,7.0,
1269,69t,2018-11-14,21:00:00,20.0,,2.0,0.47,5.0,
1270,69t,2018-11-14,22:00:00,17.0,,1.0,0.47,6.0,
1271,69t,2018-11-14,23:00:00,16.0,,1.0,0.43,5.0,2.0
1272,70t,2018-11-14,00:00:00,12.0,19.0,,0.32,3.0,2.0
1273,70t,2018-11-14,01:00:00,13.0,14.0,,0.34,4.0,
1274,70t,2018-11-14,02:00:00,13.0,24.0,,,,
1275,70t,2018-11-14,03:00:00,12.0,26.0,,0.3,2.0,
1276,70t,2018-11-14,04:00:00,11.0,18.0,,0.3,3.0,
1277,70t,2018-11-14,05:00:00,10.0,17.0,,0.32,3.0,
1278,70t,2018-11-14,06:00:00,9.0,24.0,,0.43,4.0,
1279,70t,2018-11-14,07:00:00,9.0,33.0,,0.34,3.0,
1280,70t,2018-11-14,08:00:00,10.0,33.0,,0.38,4.0,
1281,70t,2018-11-14,09:00:00,12.0,38.0,,0.41,7.0,
1282,70t,2018-11-14,10:00:00,16.0,56.0,,0.33,7.0,1.0
1283,70t,2018-11-14,11:00:00,15.0,45.0,,0.29,4.0,
1284,70t,2018-11-14,12:00:00,13.0,35.0,,0.35,3.0,
1285,70t,2018-11-14,13:00:00,11.0,22.0,,0.28,3.0,
1286,70t,2018-11-14,14:00:00,8.0,30.0,,0.35,4.0,
1287,70t,2018-11-14,15:00:00,6.0,24.0,,0.22,4.0,
1288,70t,2018-11-14,16:00:00,9.0,27.0,,0.24,6.0,
1289,70t,2018-11-14,17:00:00,11.0,31.0,,0.28,7.0,
1290,70t,2018-11-14,18:00:00,10.0,20.0,,0.37,5.0,
1291,70t,2018-11-14,19:00:00,12.0,23.0,,0.4,4.0,
1292,70t,2018-11-14,20:00:00,13.0,20.0,,0.43,8.0,
1293,70t,2018-11-14,21:00:00,13.0,26.0,,0.28,7.0,
1294,70t,2018-11-14,22:00:00,11.0,20.0,,0.26,3.0,
1295,70t,2018-11-14,23:00:00,7.0,22.0,,0.35,3.0,
1296,71t,2018-11-14,00:00:00,17.0,38.0,,,,
1297,71t,2018-11-14,01:00:00,20.0,35.0,,,,
1298,71t,2018-11-14,02:00:00,25.0,35.0,,,,
1299,71t,2018-11-14,03:00:00,24.0,34.0,,,,
1300,71t,2018-11-14,04:00:00,21.0,36.0,,,,
1301,71t,2018-11-14,05:00:00,20.0,33.0,,,,
1302,71t,2018-11-14,06:00:00,18.0,36.0,,,,
1303,71t,2018-11-14,07:00:00,20.0,42.0,,,,
1304,71t,2018-11-14,08:00:00,24.0,48.0,,,,
1305,71t,2018-11-14,09:00:00,28.0,50.0,,,,
1306,71t,2018-11-14,10:00:00,27.0,51.0,,,,
1307,71t,2018-11-14,11:00:00,23.0,47.0,,,,
1308,71t,2018-11-14,12:00:00,19.0,46.0,,,,
1309,71t,2018-11-14,13:00:00,16.0,45.0,,,,
1310,71t,2018-11-14,14:00:00,17.0,42.0,,,,
1311,71t,2018-11-14,15:00:00,20.0,44.0,,,,
1312,71t,2018-11-14,16:00:00,22.0,47.0,,,,
1313,71t,2018-11-14,17:00:00,20.0,49.0,,,,
1314,71t,2018-11-14,18:00:00,21.0,55.0,,,,
1315,71t,2018-11-14,19:00:00,29.0,63.0,,,,
1316,71t,2018-11-14,20:00:00,26.0,63.0,,,,
1317,71t,2018-11-14,21:00:00,23.0,57.0,,,,
1318,71t,2018-11-14,22:00:00,23.0,57.0,,,,
1319,71t,2018-11-14,23:00:00,24.0,51.0,,,,
1320,72t,2018-11-14,00:00:00,5.0,13.0,,,,
1321,72t,2018-11-14,01:00:00,8.0,10.0,,,,
1322,72t,2018-11-14,02:00:00,7.0,8.0,,,,
1323,72t,2018-11-14,03:00:00,,6.0,,,,
1324,72t,2018-11-14,04:00:00,6.0,7.0,,,,
1325,72t,2018-11-14,05:00:00,8.0,10.0,,,,
1326,72t,2018-11-14,06:00:00,,10.0,,,,
1327,72t,2018-11-14,07:00:00,1.0,10.0,,,,
1328,72t,2018-11-14,08:00:00,3.0,10.0,,,,
1329,72t,2018-11-14,09:00:00,4.0,13.0,,,,
1330,72t,2018-11-14,10:00:00,4.0,12.0,,,,
1331,72t,2018-11-14,11:00:00,7.0,11.0,,,,
1332,72t,2018-11-14,12:00:00,1.0,11.0,,,,
1333,72t,2018-11-14,13:00:00,9.0,12.0,,,,
1334,72t,2018-11-14,14:00:00,1.0,12.0,,,,
1335,72t,2018-11-14,15:00:00,4.0,14.0,,,,
1336,72t,2018-11-14,16:00:00,6.0,16.0,,,,
1337,72t,2018-11-14,17:00:00,12.0,17.0,,,,
1338,72t,2018-11-14,18:00:00,12.0,19.0,,,,
1339,72t,2018-11-14,19:00:00,5.0,20.0,,,,
1340,72t,2018-11-14,20:00:00,14.0,25.0,,,,
1341,72t,2018-11-14,21:00:00,14.0,28.0,,,,
1342,72t,2018-11-14,22:00:00,10.0,27.0,,,,
1343,72t,2018-11-14,23:00:00,20.0,25.0,,,,
1344,73t,2018-11-14,00:00:00,8.0,,2.0,0.2,,
1345,73t,2018-11-14,01:00:00,10.0,,3.0,0.11,,
1346,73t,2018-11-14,02:00:00,11.0,,4.0,0.06,,
1347,73t,2018-11-14,03:00:00,10.0,,3.0,0.07,,
1348,73t,2018-11-14,04:00:00,7.0,,2.0,0.1,,
1349,73t,2018-11-14,05:00:00,5.0,,3.0,0.12,,
1350,73t,2018-11-14,06:00:00,6.0,,4.0,0.11,,
1351,73t,2018-11-14,07:00:00,6.0,,4.0,0.63,,
1352,73t,2018-11-14,08:00:00,4.0,,4.0,0.54,,
1353,73t,2018-11-14,09:00:00,3.0,,9.0,0.34,,
1354,73t,2018-11-14,10:00:00,8.0,,12.0,0.28,,
1355,73t,2018-11-14,11:00:00,8.0,,17.0,0.32,,
1356,73t,2018-11-14,12:00:00,8.0,,25.0,0.26,,
1357,73t,2018-11-14,13:00:00,7.0,,25.0,0.28,,
1358,73t,2018-11-14,14:00:00,3.0,,22.0,0.31,,
1359,73t,2018-11-14,15:00:00,3.0,,23.0,0.34,,
1360,73t,2018-11-14,16:00:00,5.0,,23.0,0.44,,
1361,73t,2018-11-14,17:00:00,12.0,,14.0,0.53,,
1362,73t,2018-11-14,18:00:00,17.0,,,,,
1363,73t,2018-11-14,19:00:00,21.0,,6.0,0.54,,
1364,73t,2018-11-14,20:00:00,22.0,,6.0,0.44,,
1365,73t,2018-11-14,21:00:00,19.0,,2.0,0.53,,
1366,73t,2018-11-14,22:00:00,18.0,,2.0,0.49,,
1367,73t,2018-11-14,23:00:00,15.0,,3.0,0.25,,
1368,74t,2018-11-14,00:00:00,,70.0,16.0,0.78,27.0,2.0
1369,74t,2018-11-14,01:00:00,,62.0,19.0,0.81,14.0,2.0
1370,74t,2018-11-14,02:00:00,,45.0,15.0,0.81,13.0,2.0
1371,74t,2018-11-14,03:00:00,,26.0,20.0,0.76,12.0,2.0
1372,74t,2018-11-14,04:00:00,,44.0,23.0,0.69,11.0,2.0
1373,74t,2018-11-14,05:00:00,,57.0,19.0,0.66,7.0,2.0
1374,74t,2018-11-14,06:00:00,,21.0,14.0,0.73,10.0,2.0
1375,74t,2018-11-14,07:00:00,,29.0,13.0,0.88,18.0,2.0
1376,74t,2018-11-14,08:00:00,,63.0,20.0,0.9,19.0,2.0
1377,74t,2018-11-14,09:00:00,,65.0,36.0,0.78,25.0,5.0
1378,74t,2018-11-14,10:00:00,,50.0,47.0,0.75,23.0,6.0
1379,74t,2018-11-14,11:00:00,,50.0,46.0,0.72,24.0,5.0
1380,74t,2018-11-14,12:00:00,,70.0,36.0,0.68,25.0,8.0
1381,74t,2018-11-14,13:00:00,,53.0,37.0,0.66,23.0,10.0
1382,74t,2018-11-14,14:00:00,,34.0,49.0,0.72,19.0,6.0
1383,74t,2018-11-14,15:00:00,,44.0,30.0,0.85,48.0,25.0
1384,74t,2018-11-14,16:00:00,,68.0,34.0,0.91,40.0,11.0
1385,74t,2018-11-14,17:00:00,,79.0,34.0,0.96,27.0,3.0
1386,74t,2018-11-14,18:00:00,,78.0,35.0,0.79,12.0,2.0
1387,74t,2018-11-14,19:00:00,,52.0,26.0,0.8,12.0,2.0
1388,74t,2018-11-14,20:00:00,,16.0,17.0,0.83,20.0,2.0
1389,74t,2018-11-14,21:00:00,,35.0,21.0,0.82,15.0,2.0
1390,74t,2018-11-14,22:00:00,,42.0,22.0,0.7,11.0,2.0
1391,74t,2018-11-14,23:00:00,,24.0,12.0,0.71,15.0,3.0
1392,75t,2018-11-14,00:00:00,4.0,15.0,1.0,0.04,,
1393,75t,2018-11-14,01:00:00,4.0,17.0,1.0,0.1,,
1394,75t,2018-11-14,02:00:00,3.0,17.0,1.0,0.1,,
1395,75t,2018-11-14,03:00:00,1.0,17.0,1.0,0.09,,
1396,75t,2018-11-14,04:00:00,4.0,18.0,,0.01,,
1397,75t,2018-11-14,05:00:00,4.0,18.0,1.0,,,
1398,75t,2018-11-14,06:00:00,4.0,21.0,1.0,0.06,,
1399,75t,2018-11-14,07:00:00,8.0,24.0,1.0,0.1,,
1400,75t,2018-11-14,08:00:00,12.0,14.0,2.0,0.1,,
1401,75t,2018-11-14,09:00:00,7.0,21.0,7.0,0.15,1.0,
1402,75t,2018-11-14,10:00:00,4.0,16.0,14.0,0.07,1.0,
1403,75t,2018-11-14,11:00:00,5.0,13.0,22.0,0.03,,
1404,75t,2018-11-14,12:00:00,3.0,11.0,,,,
1405,75t,2018-11-14,13:00:00,2.0,7.0,18.0,0.02,,
1406,75t,2018-11-14,14:00:00,3.0,17.0,17.0,,,
1407,75t,2018-11-14,15:00:00,5.0,17.0,18.0,0.1,1.0,
1408,75t,2018-11-14,16:00:00,4.0,22.0,14.0,0.1,2.0,
1409,75t,2018-11-14,17:00:00,6.0,20.0,9.0,0.09,1.0,65.0
1410,75t,2018-11-14,18:00:00,,16.0,2.0,0.13,2.0,55.0
1411,75t,2018-11-14,19:00:00,16.0,26.0,1.0,0.13,1.0,47.0
1412,75t,2018-11-14,20:00:00,7.0,26.0,1.0,0.13,1.0,44.0
1413,75t,2018-11-14,21:00:00,8.0,17.0,,0.11,,44.0
1414,75t,2018-11-14,22:00:00,6.0,23.0,,0.06,1.0,43.0
1415,75t,2018-11-14,23:00:00,6.0,13.0,,0.08,1.0,41.0
1416,76t,2018-11-14,00:00:00,16.0,31.0,4.0,0.48,5.0,
1417,76t,2018-11-14,01:00:00,16.0,20.0,2.0,0.45,4.0,
1418,76t,2018-11-14,02:00:00,18.0,23.0,2.0,0.44,3.0,
1419,76t,2018-11-14,03:00:00,16.0,19.0,1.0,0.44,3.0,
1420,76t,2018-11-14,04:00:00,13.0,19.0,2.0,0.48,3.0,
1421,76t,2018-11-14,05:00:00,17.0,22.0,2.0,0.51,3.0,
1422,76t,2018-11-14,06:00:00,18.0,22.0,1.0,0.48,2.0,
1423,76t,2018-11-14,07:00:00,14.0,17.0,2.0,0.58,3.0,
1424,76t,2018-11-14,08:00:00,18.0,28.0,3.0,0.63,4.0,
1425,76t,2018-11-14,09:00:00,,,,,,
1426,76t,2018-11-14,10:00:00,19.0,39.0,16.0,0.45,,
1427,76t,2018-11-14,11:00:00,24.0,31.0,21.0,0.42,,
1428,76t,2018-11-14,12:00:00,11.0,23.0,27.0,0.46,,
1429,76t,2018-11-14,13:00:00,15.0,27.0,30.0,0.43,,
1430,76t,2018-11-14,14:00:00,15.0,21.0,30.0,0.38,,
1431,76t,2018-11-14,15:00:00,12.0,27.0,28.0,0.34,1.0,
1432,76t,2018-11-14,16:00:00,14.0,28.0,29.0,0.3,3.0,
1433,76t,2018-11-14,17:00:00,21.0,23.0,17.0,0.41,7.0,
1434,76t,2018-11-14,18:00:00,16.0,36.0,14.0,0.36,6.0,
1435,76t,2018-11-14,19:00:00,20.0,42.0,2.0,0.7,14.0,
1436,76t,2018-11-14,20:00:00,33.0,79.0,,,,
1437,76t,2018-11-14,21:00:00,18.0,62.0,1.0,0.67,12.0,
1438,76t,2018-11-14,22:00:00,30.0,45.0,1.0,0.55,10.0,
1439,76t,2018-11-14,23:00:00,18.0,39.0,2.0,0.56,8.0,
1440,77t,2018-11-14,00:00:00,33.0,71.0,12.0,,13.0,1.0
1441,77t,2018-11-14,01:00:00,43.0,64.0,20.0,,8.0,1.0
1442,77t,2018-11-14,02:00:00,50.0,69.0,16.0,,7.0,1.0
1443,77t,2018-11-14,03:00:00,51.0,67.0,13.0,,7.0,1.0
1444,77t,2018-11-14,04:00:00,51.0,67.0,11.0,,11.0,1.0
1445,77t,2018-11-14,05:00:00,50.0,66.0,7.0,,14.0,1.0
1446,77t,2018-11-14,06:00:00,52.0,67.0,4.0,,10.0,1.0
1447,77t,2018-11-14,07:00:00,50.0,77.0,5.0,,9.0,1.0
1448,77t,2018-11-14,08:00:00,28.0,59.0,26.0,,10.0,3.0
1449,77t,2018-11-14,09:00:00,41.0,72.0,40.0,,3.0,3.0
1450,77t,2018-11-14,10:00:00,28.0,53.0,45.0,,3.0,2.0
1451,77t,2018-11-14,11:00:00,16.0,42.0,48.0,,2.0,1.0
1452,77t,2018-11-14,12:00:00,17.0,37.0,43.0,,1.0,1.0
1453,77t,2018-11-14,13:00:00,12.0,35.0,45.0,,2.0,1.0
1454,77t,2018-11-14,14:00:00,14.0,32.0,,,,
1455,77t,2018-11-14,15:00:00,16.0,31.0,43.0,,2.0,1.0
1456,77t,2018-11-14,16:00:00,16.0,32.0,40.0,,3.0,
1457,77t,2018-11-14,17:00:00,16.0,39.0,31.0,,9.0,2.0
1458,77t,2018-11-14,18:00:00,36.0,64.0,27.0,,10.0,5.0
1459,77t,2018-11-14,19:00:00,55.0,100.0,21.0,,7.0,2.0
1460,77t,2018-11-14,20:00:00,28.0,62.0,15.0,,9.0,1.0
1461,77t,2018-11-14,21:00:00,22.0,52.0,19.0,,8.0,1.0
1462,77t,2018-11-14,22:00:00,33.0,59.0,22.0,,11.0,2.0
1463,77t,2018-11-14,23:00:00,49.0,67.0,14.0,,11.0,2.0
1464,79t,2018-11-14,00:00:00,30.0,38.0,2.0,0.4,7.0,
1465,79t,2018-11-14,01:00:00,24.0,38.0,1.0,0.39,6.0,
1466,79t,2018-11-14,02:00:00,25.0,36.0,1.0,0.38,5.0,
1467,79t,2018-11-14,03:00:00,24.0,33.0,,,,
1468,79t,2018-11-14,04:00:00,23.0,31.0,,0.38,14.0,
1469,79t,2018-11-14,05:00:00,21.0,26.0,,0.41,11.0,
1470,79t,2018-11-14,06:00:00,21.0,27.0,,0.51,10.0,
1471,79t,2018-11-14,07:00:00,23.0,33.0,,0.72,12.0,1.0
1472,79t,2018-11-14,08:00:00,27.0,39.0,7.0,0.47,8.0,
1473,79t,2018-11-14,09:00:00,25.0,34.0,19.0,0.34,7.0,
1474,79t,2018-11-14,10:00:00,21.0,32.0,27.0,0.42,10.0,1.0
1475,79t,2018-11-14,11:00:00,22.0,33.0,36.0,0.36,8.0,1.0
1476,79t,2018-11-14,12:00:00,20.0,33.0,34.0,0.35,6.0,
1477,79t,2018-11-14,13:00:00,15.0,32.0,39.0,0.28,5.0,
1478,79t,2018-11-14,14:00:00,13.0,29.0,39.0,0.27,5.0,
1479,79t,2018-11-14,15:00:00,13.0,37.0,38.0,0.29,6.0,
1480,79t,2018-11-14,16:00:00,14.0,44.0,37.0,0.41,10.0,
1481,79t,2018-11-14,17:00:00,20.0,52.0,30.0,0.58,15.0,1.0
1482,79t,2018-11-14,18:00:00,24.0,51.0,19.0,0.63,19.0,1.0
1483,79t,2018-11-14,19:00:00,28.0,48.0,15.0,0.64,21.0,
1484,79t,2018-11-14,20:00:00,30.0,47.0,18.0,0.59,16.0,1.0
1485,79t,2018-11-14,21:00:00,31.0,44.0,16.0,0.53,12.0,
1486,79t,2018-11-14,22:00:00,33.0,42.0,15.0,0.54,11.0,
1487,79t,2018-11-14,23:00:00,33.0,41.0,19.0,0.41,8.0,
1488,80t,2018-11-14,00:00:00,8.0,27.0,5.0,0.41,3.0,2.0
1489,80t,2018-11-14,01:00:00,8.0,27.0,5.0,0.4,2.0,1.0
1490,80t,2018-11-14,02:00:00,8.0,24.0,6.0,0.39,2.0,1.0
1491,80t,2018-11-14,03:00:00,7.0,22.0,3.0,0.42,3.0,1.0
1492,80t,2018-11-14,04:00:00,7.0,24.0,3.0,0.43,3.0,1.0
1493,80t,2018-11-14,05:00:00,10.0,23.0,3.0,0.43,2.0,1.0
1494,80t,2018-11-14,06:00:00,12.0,24.0,4.0,0.44,3.0,2.0
1495,80t,2018-11-14,07:00:00,12.0,23.0,,,,
1496,80t,2018-11-14,08:00:00,11.0,21.0,14.0,0.47,5.0,1.0
1497,80t,2018-11-14,09:00:00,9.0,22.0,17.0,0.38,4.0,1.0
1498,80t,2018-11-14,10:00:00,6.0,22.0,19.0,0.34,3.0,1.0
1499,80t,2018-11-14,11:00:00,4.0,20.0,21.0,0.34,3.0,1.0
1500,80t,2018-11-14,12:00:00,3.0,19.0,21.0,0.33,3.0,1.0
1501,80t,2018-11-14,13:00:00,3.0,13.0,18.0,0.33,3.0,1.0
1502,80t,2018-11-14,14:00:00,3.0,10.0,18.0,0.31,2.0,1.0
1503,80t,2018-11-14,15:00:00,3.0,15.0,17.0,0.34,4.0,1.0
1504,80t,2018-11-14,16:00:00,3.0,25.0,17.0,0.36,5.0,1.0
1505,80t,2018-11-14,17:00:00,4.0,23.0,17.0,0.37,6.0,2.0
1506,80t,2018-11-14,18:00:00,6.0,19.0,16.0,0.36,6.0,2.0
1507,80t,2018-11-14,19:00:00,7.0,18.0,15.0,0.35,6.0,1.0
1508,80t,2018-11-14,20:00:00,8.0,17.0,13.0,0.36,6.0,1.0
1509,80t,2018-11-14,21:00:00,10.0,17.0,14.0,0.33,4.0,1.0
1510,80t,2018-11-14,22:00:00,8.0,15.0,16.0,0.32,3.0,1.0
1511,80t,2018-11-14,23:00:00,7.0,10.0,17.0,0.31,2.0,1.0
